-- phpMyAdmin SQL Dump
-- version 4.5.5.1
-- http://www.phpmyadmin.net
--
-- Host: localhost
-- Generation Time: May 09, 2016 at 02:57 PM
-- Server version: 5.7.11
-- PHP Version: 5.5.31

SET SQL_MODE = "NO_AUTO_VALUE_ON_ZERO";
SET time_zone = "+00:00";


/*!40101 SET @OLD_CHARACTER_SET_CLIENT=@@CHARACTER_SET_CLIENT */;
/*!40101 SET @OLD_CHARACTER_SET_RESULTS=@@CHARACTER_SET_RESULTS */;
/*!40101 SET @OLD_COLLATION_CONNECTION=@@COLLATION_CONNECTION */;
/*!40101 SET NAMES utf8mb4 */;

--
-- Database: `qbe_development`
--
CREATE DATABASE IF NOT EXISTS `qbe_development` DEFAULT CHARACTER SET utf8 COLLATE utf8_unicode_ci;
USE `qbe_development`;

-- --------------------------------------------------------

--
-- Table structure for table `advises`
--

DROP TABLE IF EXISTS `advises`;
CREATE TABLE `advises` (
  `id` int(11) NOT NULL,
  `gives_advice_to` int(11) NOT NULL,
  `receives_advice_from` int(11) NOT NULL,
  `created_at` datetime NOT NULL,
  `updated_at` datetime NOT NULL,
  `advise` text COLLATE utf8_unicode_ci
) ENGINE=InnoDB DEFAULT CHARSET=utf8 COLLATE=utf8_unicode_ci;

--
-- Dumping data for table `advises`
--

INSERT INTO `advises` (`id`, `gives_advice_to`, `receives_advice_from`, `created_at`, `updated_at`, `advise`) VALUES
(4, 2, 1, '2016-04-03 15:45:53', '2016-04-03 15:45:53', 'Este consejo se lo da user 2 a user 1'),
(5, 2, 1, '2016-04-03 15:46:36', '2016-04-03 15:46:36', 'SEGUNDOOO consejo que le da user 2 a user 1'),
(8, 3, 1, '2016-04-04 10:51:48', '2016-04-04 10:51:48', 'El user 3 aconseja a user 1'),
(14, 126, 126, '2016-04-18 03:09:28', '2016-04-18 03:09:28', ''),
(15, 126, 126, '2016-04-18 03:09:56', '2016-04-18 03:09:56', 'a verrr'),
(16, 126, 126, '2016-04-18 12:45:17', '2016-04-18 12:45:17', 'hola'),
(17, 127, 127, '2016-04-22 01:20:59', '2016-04-22 01:20:59', 'hola'),
(18, 127, 127, '2016-04-22 01:49:59', '2016-04-22 01:49:59', 'segundo advice'),
(19, 140, 140, '2016-04-27 02:45:40', '2016-04-27 02:45:40', ''),
(20, 5, 2, '2016-04-27 02:46:13', '2016-04-27 02:46:13', 'atrubi'),
(23, 2, 141, '2016-05-05 19:53:14', '2016-05-05 19:53:14', 'give gimme gimme just a lit'),
(49, 155, 2, '2016-05-07 13:08:03', '2016-05-07 13:08:03', 'wanna');

-- --------------------------------------------------------

--
-- Table structure for table `affinities`
--

DROP TABLE IF EXISTS `affinities`;
CREATE TABLE `affinities` (
  `id` int(11) NOT NULL,
  `created_at` datetime NOT NULL,
  `updated_at` datetime NOT NULL,
  `level` int(11) DEFAULT NULL,
  `affinity_description` text COLLATE utf8_unicode_ci
) ENGINE=InnoDB DEFAULT CHARSET=utf8 COLLATE=utf8_unicode_ci;

--
-- Dumping data for table `affinities`
--

INSERT INTO `affinities` (`id`, `created_at`, `updated_at`, `level`, `affinity_description`) VALUES
(1, '2016-04-14 13:28:26', '2016-04-14 13:28:26', 1, 'First level of affinity (the people who  better know you such as direct family, bff, boyfriend or girlfriend)'),
(2, '2016-04-14 13:29:09', '2016-04-14 13:29:09', 2, 'Second level of affinity (the ones who know you but not enough to know your secrets.. friends, cousins, sport buddies, close neighbor)'),
(3, '2016-04-14 13:31:12', '2016-04-14 13:31:12', 3, 'Third level of affinity (those who barely know you but can say in a simple manner who you are.. such as classmates, random neighbors, workmate, etc)');

-- --------------------------------------------------------

--
-- Table structure for table `comments`
--

DROP TABLE IF EXISTS `comments`;
CREATE TABLE `comments` (
  `id` int(11) NOT NULL,
  `user_id` int(11) DEFAULT NULL,
  `post_id` int(11) DEFAULT NULL,
  `created_at` datetime NOT NULL,
  `updated_at` datetime NOT NULL,
  `commentary` text COLLATE utf8_unicode_ci
) ENGINE=InnoDB DEFAULT CHARSET=utf8 COLLATE=utf8_unicode_ci;

--
-- Dumping data for table `comments`
--

INSERT INTO `comments` (`id`, `user_id`, `post_id`, `created_at`, `updated_at`, `commentary`) VALUES
(7, 155, 52, '2016-05-07 14:37:13', '2016-05-07 14:37:13', 'afods'),
(8, 155, 52, '2016-05-07 14:37:18', '2016-05-07 14:37:18', 'aoidf'),
(9, 155, 58, '2016-05-07 14:37:29', '2016-05-07 14:37:29', 'asdfds'),
(10, 155, 52, '2016-05-07 14:38:41', '2016-05-07 14:38:41', 'hgfhgfghf'),
(11, 155, 52, '2016-05-07 14:38:46', '2016-05-07 14:38:46', 'jhgjhg'),
(12, 155, 91, '2016-05-07 14:39:04', '2016-05-07 14:39:04', 'jhgjhg'),
(13, 155, 91, '2016-05-07 14:39:19', '2016-05-07 14:39:19', 'jhjkkhj'),
(14, 155, 91, '2016-05-07 14:39:30', '2016-05-07 14:39:30', 'lkjkljklj'),
(15, 155, 91, '2016-05-07 14:39:34', '2016-05-07 14:39:34', 'fdsfdsfds'),
(16, 155, 91, '2016-05-07 14:39:39', '2016-05-07 14:39:39', 'uytuytuytuy'),
(17, 155, 91, '2016-05-07 15:07:50', '2016-05-07 15:07:50', 'kjashdjkasdhakjshd\r\n'),
(18, 155, 91, '2016-05-07 15:07:54', '2016-05-07 15:07:54', 'asdlkajskldjalkjdlkajs'),
(19, 155, 91, '2016-05-07 15:07:57', '2016-05-07 15:07:57', 'asdas'),
(20, 155, 91, '2016-05-07 15:08:04', '2016-05-07 15:08:04', 'asaasdasdas'),
(21, 155, 91, '2016-05-07 15:08:09', '2016-05-07 15:08:09', 'asdasdasd'),
(22, 155, 91, '2016-05-07 15:08:14', '2016-05-07 15:08:14', 'asdasdasd');

-- --------------------------------------------------------

--
-- Table structure for table `endorsements`
--

DROP TABLE IF EXISTS `endorsements`;
CREATE TABLE `endorsements` (
  `id` int(11) NOT NULL,
  `created_at` datetime NOT NULL,
  `updated_at` datetime NOT NULL,
  `name` varchar(255) COLLATE utf8_unicode_ci DEFAULT NULL
) ENGINE=InnoDB DEFAULT CHARSET=utf8 COLLATE=utf8_unicode_ci;

--
-- Dumping data for table `endorsements`
--

INSERT INTO `endorsements` (`id`, `created_at`, `updated_at`, `name`) VALUES
(4, '2016-04-25 23:10:46', '2016-04-25 23:10:46', 'honesto'),
(5, '2016-04-25 23:10:46', '2016-04-25 23:10:46', 'honesta'),
(6, '2016-04-25 23:10:46', '2016-04-25 23:10:46', 'sincero'),
(7, '2016-04-25 23:10:46', '2016-04-25 23:10:46', 'sincera'),
(8, '2016-04-25 23:10:46', '2016-04-25 23:10:46', 'realista'),
(9, '2016-04-25 23:10:46', '2016-04-25 23:10:46', 'pragmático'),
(10, '2016-04-25 23:10:46', '2016-04-25 23:10:46', 'pragmática'),
(11, '2016-04-25 23:10:46', '2016-04-25 23:10:46', 'resolutivo'),
(12, '2016-04-25 23:10:46', '2016-04-25 23:10:46', 'resolutiva'),
(13, '2016-04-25 23:10:46', '2016-04-25 23:10:46', 'emprendedor'),
(14, '2016-04-25 23:10:46', '2016-04-25 23:10:46', 'emprendedora'),
(15, '2016-04-25 23:10:46', '2016-04-25 23:10:46', 'fiel'),
(16, '2016-04-25 23:10:46', '2016-04-25 23:10:46', 'leal'),
(17, '2016-04-25 23:10:46', '2016-04-25 23:10:46', 'honrado'),
(18, '2016-04-25 23:10:46', '2016-04-25 23:10:46', 'honrada'),
(19, '2016-04-25 23:10:46', '2016-04-25 23:10:46', 'bondadoso'),
(20, '2016-04-25 23:10:46', '2016-04-25 23:10:46', 'bondadosa'),
(21, '2016-04-25 23:10:46', '2016-04-25 23:10:46', 'positivo'),
(22, '2016-04-25 23:10:46', '2016-04-25 23:10:46', 'positiva'),
(23, '2016-04-25 23:10:46', '2016-04-25 23:10:46', 'alegre'),
(24, '2016-04-25 23:10:46', '2016-04-25 23:10:46', 'proactivo'),
(25, '2016-04-25 23:10:46', '2016-04-25 23:10:46', 'proactiva'),
(26, '2016-04-25 23:10:46', '2016-04-25 23:10:46', 'generoso'),
(27, '2016-04-25 23:10:46', '2016-04-25 23:10:46', 'generosa'),
(28, '2016-04-25 23:10:46', '2016-04-25 23:10:46', 'simpático'),
(29, '2016-04-25 23:10:46', '2016-04-25 23:10:46', 'simpática'),
(30, '2016-04-25 23:10:46', '2016-04-25 23:10:46', 'confiable'),
(31, '2016-04-25 23:10:46', '2016-04-25 23:10:46', 'creativo'),
(32, '2016-04-25 23:10:46', '2016-04-25 23:10:46', 'creativa'),
(33, '2016-04-25 23:10:46', '2016-04-25 23:10:46', 'detallista'),
(34, '2016-04-25 23:10:46', '2016-04-25 23:10:46', 'perseverante'),
(35, '2016-04-25 23:10:46', '2016-04-25 23:10:46', 'trabajador'),
(36, '2016-04-25 23:10:46', '2016-04-25 23:10:46', 'trabajadora'),
(37, '2016-04-25 23:10:46', '2016-04-25 23:10:46', 'conciliador'),
(38, '2016-04-25 23:10:46', '2016-04-25 23:10:46', 'conciliadora'),
(39, '2016-04-25 23:10:46', '2016-04-25 23:10:46', 'responsable'),
(40, '2016-04-25 23:10:46', '2016-04-25 23:10:46', 'afectuoso'),
(41, '2016-04-25 23:10:46', '2016-04-25 23:10:46', 'afectuosa'),
(42, '2016-04-25 23:10:46', '2016-04-25 23:10:46', 'aventurero'),
(43, '2016-04-25 23:10:46', '2016-04-25 23:10:46', 'aventurera'),
(44, '2016-04-25 23:10:46', '2016-04-25 23:10:46', 'divertido'),
(45, '2016-04-25 23:10:46', '2016-04-25 23:10:46', 'divertida'),
(46, '2016-04-25 23:10:46', '2016-04-25 23:10:46', 'comprometido'),
(47, '2016-04-25 23:10:46', '2016-04-25 23:10:46', 'comprometida'),
(48, '2016-04-25 23:10:46', '2016-04-25 23:10:46', 'profundo'),
(49, '2016-04-25 23:10:46', '2016-04-25 23:10:46', 'profunda'),
(50, '2016-04-25 23:10:46', '2016-04-25 23:10:46', 'confidente'),
(51, '2016-04-25 23:10:46', '2016-04-25 23:10:46', 'imaginativo'),
(52, '2016-04-25 23:10:46', '2016-04-25 23:10:46', 'imaginativa'),
(53, '2016-04-25 23:10:46', '2016-04-25 23:10:46', 'líder'),
(54, '2016-04-25 23:10:46', '2016-04-25 23:10:46', 'carismático'),
(55, '2016-04-25 23:10:46', '2016-04-25 23:10:46', 'carismática'),
(56, '2016-04-25 23:10:46', '2016-04-25 23:10:46', 'dinámico'),
(57, '2016-04-25 23:10:46', '2016-04-25 23:10:46', 'dinámica'),
(58, '2016-04-25 23:10:46', '2016-04-25 23:10:46', 'práctico'),
(59, '2016-04-25 23:10:46', '2016-04-25 23:10:46', 'práctica'),
(60, '2016-04-25 23:10:46', '2016-04-25 23:10:46', 'emprendedor'),
(61, '2016-04-25 23:10:46', '2016-04-25 23:10:46', 'emprendedora'),
(62, '2016-04-25 23:10:46', '2016-04-25 23:10:46', 'solidario'),
(63, '2016-04-25 23:10:46', '2016-04-25 23:10:46', 'solidaria'),
(64, '2016-04-25 23:10:46', '2016-04-25 23:10:46', 'perseverante'),
(65, '2016-04-25 23:10:46', '2016-04-25 23:10:46', 'abierto'),
(66, '2016-04-25 23:10:46', '2016-04-25 23:10:46', 'abierta'),
(67, '2016-04-25 23:10:46', '2016-04-25 23:10:46', 'ambicioso'),
(68, '2016-04-25 23:10:46', '2016-04-25 23:10:46', 'ambiciosa'),
(69, '2016-04-25 23:10:46', '2016-04-25 23:10:46', 'decidido'),
(70, '2016-04-25 23:10:46', '2016-04-25 23:10:46', 'decidida'),
(71, '2016-04-25 23:10:46', '2016-04-25 23:10:46', 'tolerante'),
(72, '2016-04-25 23:10:46', '2016-04-25 23:10:46', 'eficáz'),
(73, '2016-04-25 23:10:46', '2016-04-25 23:10:46', 'intuitivo'),
(74, '2016-04-25 23:10:46', '2016-04-25 23:10:46', 'intuitiva'),
(75, '2016-04-25 23:10:46', '2016-04-25 23:10:46', 'entusiasta'),
(76, '2016-04-25 23:10:46', '2016-04-25 23:10:46', 'confiable'),
(77, '2016-04-25 23:10:46', '2016-04-25 23:10:46', 'feliz'),
(78, '2016-04-25 23:10:46', '2016-04-25 23:10:46', 'humilde'),
(79, '2016-04-25 23:10:46', '2016-04-25 23:10:46', 'ingenioso'),
(80, '2016-04-25 23:10:46', '2016-04-25 23:10:46', 'ingeniosa'),
(81, '2016-04-25 23:10:46', '2016-04-25 23:10:46', 'activo'),
(82, '2016-04-25 23:10:46', '2016-04-25 23:10:46', 'activa'),
(83, '2016-04-25 23:10:46', '2016-04-25 23:10:46', 'reflexivo'),
(84, '2016-04-25 23:10:46', '2016-04-25 23:10:46', 'reflexiva'),
(85, '2016-04-25 23:10:46', '2016-04-25 23:10:46', 'capaz'),
(86, '2016-04-25 23:10:46', '2016-04-25 23:10:46', 'educado'),
(87, '2016-04-25 23:10:46', '2016-04-25 23:10:46', 'educada'),
(88, '2016-04-25 23:10:46', '2016-04-25 23:10:46', 'empático'),
(89, '2016-04-25 23:10:46', '2016-04-25 23:10:46', 'empática'),
(90, '2016-04-25 23:10:46', '2016-04-25 23:10:46', 'cariñoso'),
(91, '2016-04-25 23:10:46', '2016-04-25 23:10:46', 'cariñosa'),
(92, '2016-04-25 23:10:46', '2016-04-25 23:10:46', 'divertido'),
(93, '2016-04-25 23:10:46', '2016-04-25 23:10:46', 'divertida'),
(94, '2016-04-25 23:10:46', '2016-04-25 23:10:46', 'valiente'),
(95, '2016-04-25 23:10:46', '2016-04-25 23:10:46', 'ágil de mente'),
(96, '2016-04-25 23:10:46', '2016-04-25 23:10:46', 'agradable'),
(97, '2016-04-25 23:10:46', '2016-04-25 23:10:46', 'amable'),
(98, '2016-04-25 23:10:46', '2016-04-25 23:10:46', 'apasionado'),
(99, '2016-04-25 23:10:46', '2016-04-25 23:10:46', 'apasionada'),
(100, '2016-04-25 23:10:46', '2016-04-25 23:10:46', 'atento'),
(101, '2016-04-25 23:10:46', '2016-04-25 23:10:46', 'atenta'),
(102, '2016-04-25 23:10:46', '2016-04-25 23:10:46', 'atrevido'),
(103, '2016-04-25 23:10:46', '2016-04-25 23:10:46', 'atrevida'),
(104, '2016-04-25 23:10:46', '2016-04-25 23:10:46', 'avispado'),
(105, '2016-04-25 23:10:46', '2016-04-25 23:10:46', 'avispada'),
(106, '2016-04-25 23:10:46', '2016-04-25 23:10:46', 'cauto'),
(107, '2016-04-25 23:10:46', '2016-04-25 23:10:46', 'cauta'),
(108, '2016-04-25 23:10:46', '2016-04-25 23:10:46', 'coherente'),
(109, '2016-04-25 23:10:46', '2016-04-25 23:10:46', 'considerado'),
(110, '2016-04-25 23:10:46', '2016-04-25 23:10:46', 'considerada'),
(111, '2016-04-25 23:10:46', '2016-04-25 23:10:46', 'cordial'),
(112, '2016-04-25 23:10:46', '2016-04-25 23:10:46', 'cuidadoso'),
(113, '2016-04-25 23:10:46', '2016-04-25 23:10:46', 'cuidadosa'),
(114, '2016-04-25 23:10:46', '2016-04-25 23:10:46', 'curioso'),
(115, '2016-04-25 23:10:46', '2016-04-25 23:10:46', 'curiosa'),
(116, '2016-04-25 23:10:46', '2016-04-25 23:10:46', 'diligente'),
(117, '2016-04-25 23:10:46', '2016-04-25 23:10:46', 'diplomático'),
(118, '2016-04-25 23:10:46', '2016-04-25 23:10:46', 'diplomática'),
(119, '2016-04-25 23:10:46', '2016-04-25 23:10:46', 'directo'),
(120, '2016-04-25 23:10:46', '2016-04-25 23:10:46', 'directa'),
(121, '2016-04-25 23:10:46', '2016-04-25 23:10:46', 'discreto'),
(122, '2016-04-25 23:10:46', '2016-04-25 23:10:46', 'discreta'),
(123, '2016-04-25 23:10:46', '2016-04-25 23:10:46', 'distante'),
(124, '2016-04-25 23:10:46', '2016-04-25 23:10:46', 'dulce'),
(125, '2016-04-25 23:10:46', '2016-04-25 23:10:46', 'eficiente'),
(126, '2016-04-25 23:10:46', '2016-04-25 23:10:46', 'elegante'),
(127, '2016-04-25 23:10:46', '2016-04-25 23:10:46', 'encantador'),
(128, '2016-04-25 23:10:46', '2016-04-25 23:10:46', 'encantadora'),
(129, '2016-04-25 23:10:46', '2016-04-25 23:10:46', 'Entusiasta'),
(130, '2016-04-25 23:10:46', '2016-04-25 23:10:46', 'Entusiasta'),
(131, '2016-04-25 23:10:46', '2016-04-25 23:10:46', 'equilibrado'),
(132, '2016-04-25 23:10:46', '2016-04-25 23:10:46', 'equilibrada'),
(133, '2016-04-25 23:10:46', '2016-04-25 23:10:46', 'estoico'),
(134, '2016-04-25 23:10:46', '2016-04-25 23:10:46', 'estoica'),
(135, '2016-04-25 23:10:46', '2016-04-25 23:10:46', 'excéntrico'),
(136, '2016-04-25 23:10:46', '2016-04-25 23:10:46', 'excéntrica'),
(137, '2016-04-25 23:10:46', '2016-04-25 23:10:46', 'exigente'),
(138, '2016-04-25 23:10:46', '2016-04-25 23:10:46', 'extrovertido'),
(139, '2016-04-25 23:10:46', '2016-04-25 23:10:46', 'extrovertida'),
(140, '2016-04-25 23:10:46', '2016-04-25 23:10:46', 'fervoroso'),
(141, '2016-04-25 23:10:46', '2016-04-25 23:10:46', 'fervorosa'),
(142, '2016-04-25 23:10:46', '2016-04-25 23:10:46', 'fiable'),
(143, '2016-04-25 23:10:46', '2016-04-25 23:10:46', 'formal'),
(144, '2016-04-25 23:10:46', '2016-04-25 23:10:46', 'hábil'),
(145, '2016-04-25 23:10:46', '2016-04-25 23:10:46', 'gracioso'),
(146, '2016-04-25 23:10:46', '2016-04-25 23:10:46', 'graciosa'),
(147, '2016-04-25 23:10:46', '2016-04-25 23:10:46', 'independiente'),
(148, '2016-04-25 23:10:46', '2016-04-25 23:10:46', 'inquieto'),
(149, '2016-04-25 23:10:46', '2016-04-25 23:10:46', 'inquieta'),
(150, '2016-04-25 23:10:46', '2016-04-25 23:10:46', 'interesante'),
(151, '2016-04-25 23:10:46', '2016-04-25 23:10:46', 'listo'),
(152, '2016-04-25 23:10:46', '2016-04-25 23:10:46', 'lista'),
(153, '2016-04-25 23:10:46', '2016-04-25 23:10:46', 'maduro'),
(154, '2016-04-25 23:10:46', '2016-04-25 23:10:46', 'madura'),
(155, '2016-04-25 23:10:46', '2016-04-25 23:10:46', 'maternal'),
(156, '2016-04-25 23:10:46', '2016-04-25 23:10:46', 'paternal'),
(157, '2016-04-25 23:10:46', '2016-04-25 23:10:46', 'meticuloso'),
(158, '2016-04-25 23:10:46', '2016-04-25 23:10:46', 'meticulosa'),
(159, '2016-04-25 23:10:46', '2016-04-25 23:10:46', 'modesto'),
(160, '2016-04-25 23:10:46', '2016-04-25 23:10:46', 'modesta'),
(161, '2016-04-25 23:10:46', '2016-04-25 23:10:46', 'orgulloso'),
(162, '2016-04-25 23:10:46', '2016-04-25 23:10:46', 'orgullosa'),
(163, '2016-04-25 23:10:46', '2016-04-25 23:10:46', 'paciente'),
(164, '2016-04-25 23:10:46', '2016-04-25 23:10:46', 'pacífico'),
(165, '2016-04-25 23:10:46', '2016-04-25 23:10:46', 'pacífica'),
(166, '2016-04-25 23:10:46', '2016-04-25 23:10:46', 'pasional'),
(167, '2016-04-25 23:10:46', '2016-04-25 23:10:46', 'pensativo'),
(168, '2016-04-25 23:10:46', '2016-04-25 23:10:46', 'pensativa'),
(169, '2016-04-25 23:10:46', '2016-04-25 23:10:46', 'poderoso'),
(170, '2016-04-25 23:10:46', '2016-04-25 23:10:46', 'poderosa'),
(171, '2016-04-25 23:10:46', '2016-04-25 23:10:46', 'prudente'),
(172, '2016-04-25 23:10:46', '2016-04-25 23:10:46', 'puntual'),
(173, '2016-04-25 23:10:46', '2016-04-25 23:10:46', 'reservado'),
(174, '2016-04-25 23:10:46', '2016-04-25 23:10:46', 'reservada'),
(175, '2016-04-25 23:10:46', '2016-04-25 23:10:46', 'sagaz'),
(176, '2016-04-25 23:10:46', '2016-04-25 23:10:46', 'seguro'),
(177, '2016-04-25 23:10:46', '2016-04-25 23:10:46', 'segura'),
(178, '2016-04-25 23:10:46', '2016-04-25 23:10:46', 'sensato'),
(179, '2016-04-25 23:10:46', '2016-04-25 23:10:46', 'sensata'),
(180, '2016-04-25 23:10:46', '2016-04-25 23:10:46', 'sensible'),
(181, '2016-04-25 23:10:46', '2016-04-25 23:10:46', 'sereno'),
(182, '2016-04-25 23:10:46', '2016-04-25 23:10:46', 'serena'),
(183, '2016-04-25 23:10:46', '2016-04-25 23:10:46', 'serio'),
(184, '2016-04-25 23:10:46', '2016-04-25 23:10:46', 'seria'),
(185, '2016-04-25 23:10:46', '2016-04-25 23:10:46', 'servicial'),
(186, '2016-04-25 23:10:46', '2016-04-25 23:10:46', 'libre'),
(187, '2016-04-25 23:10:46', '2016-04-25 23:10:46', 'liberal?'),
(188, '2016-04-25 23:10:46', '2016-04-25 23:10:46', 'sofisticado'),
(189, '2016-04-25 23:10:46', '2016-04-25 23:10:46', 'sofisticada'),
(190, '2016-04-25 23:10:46', '2016-04-25 23:10:46', 'talentoso'),
(191, '2016-04-25 23:10:46', '2016-04-25 23:10:46', 'talentosa'),
(192, '2016-04-25 23:10:46', '2016-04-25 23:10:46', 'tranquilizador'),
(193, '2016-04-25 23:10:46', '2016-04-25 23:10:46', 'tranquilizadora'),
(194, '2016-04-25 23:10:46', '2016-04-25 23:10:46', 'tranquilo'),
(195, '2016-04-25 23:10:46', '2016-04-25 23:10:46', 'tranquila'),
(196, '2016-04-25 23:10:46', '2016-04-25 23:10:46', 'vivaz'),
(197, '2016-04-25 23:10:47', '2016-04-25 23:10:47', 'vigoroso'),
(198, '2016-04-25 23:10:47', '2016-04-25 23:10:47', 'vigorosa'),
(199, '2016-04-25 23:10:47', '2016-04-25 23:10:47', 'versátil'),
(200, '2016-04-25 23:10:47', '2016-04-25 23:10:47', 'idealista'),
(201, '2016-04-25 23:10:47', '2016-04-25 23:10:47', 'perfeccionista'),
(202, '2016-04-25 23:10:47', '2016-04-25 23:10:47', 'crítico'),
(203, '2016-04-25 23:10:47', '2016-04-25 23:10:47', 'crítica'),
(204, '2016-04-25 23:10:47', '2016-04-25 23:10:47', 'disciplinado'),
(205, '2016-04-25 23:10:47', '2016-04-25 23:10:47', 'disciplinada'),
(206, '2016-04-25 23:10:47', '2016-04-25 23:10:47', 'ordenado'),
(207, '2016-04-25 23:10:47', '2016-04-25 23:10:47', 'ordenada'),
(208, '2016-04-25 23:10:47', '2016-04-25 23:10:47', 'comunicador'),
(209, '2016-04-25 23:10:47', '2016-04-25 23:10:47', 'comunicadora'),
(210, '2016-04-25 23:10:47', '2016-04-25 23:10:47', 'competitivo'),
(211, '2016-04-25 23:10:47', '2016-04-25 23:10:47', 'competitiva'),
(212, '2016-04-25 23:10:47', '2016-04-25 23:10:47', 'exitoso'),
(213, '2016-04-25 23:10:47', '2016-04-25 23:10:47', 'exitosa'),
(214, '2016-04-25 23:10:47', '2016-04-25 23:10:47', 'romántico'),
(215, '2016-04-25 23:10:47', '2016-04-25 23:10:47', 'romántica'),
(216, '2016-04-25 23:10:47', '2016-04-25 23:10:47', 'temperamental'),
(217, '2016-04-25 23:10:47', '2016-04-25 23:10:47', 'compasivo'),
(218, '2016-04-25 23:10:47', '2016-04-25 23:10:47', 'compasiva'),
(219, '2016-04-25 23:10:47', '2016-04-25 23:10:47', 'cautivador'),
(220, '2016-04-25 23:10:47', '2016-04-25 23:10:47', 'cautivadora'),
(221, '2016-04-25 23:10:47', '2016-04-25 23:10:47', 'reactivo'),
(222, '2016-04-25 23:10:47', '2016-04-25 23:10:47', 'reactiva'),
(223, '2016-04-25 23:10:47', '2016-04-25 23:10:47', 'ayudador'),
(224, '2016-04-25 23:10:47', '2016-04-25 23:10:47', 'ayudadora'),
(225, '2016-04-25 23:10:47', '2016-04-25 23:10:47', 'sutil'),
(226, '2016-04-25 23:10:47', '2016-04-25 23:10:47', 'investigador'),
(227, '2016-04-25 23:10:47', '2016-04-25 23:10:47', 'investigadora'),
(228, '2016-04-25 23:10:47', '2016-04-25 23:10:47', 'optimista'),
(229, '2016-04-25 23:10:47', '2016-04-25 23:10:47', 'confiado'),
(230, '2016-04-25 23:10:47', '2016-04-25 23:10:47', 'confiada'),
(231, '2016-04-25 23:10:47', '2016-04-25 23:10:47', 'desafiador'),
(232, '2016-04-25 23:10:47', '2016-04-25 23:10:47', 'desafiadora'),
(233, '2016-04-25 23:10:47', '2016-04-25 23:10:47', 'autosuficiente'),
(234, '2016-04-25 23:10:47', '2016-04-25 23:10:47', 'pacificador'),
(235, '2016-04-25 23:10:47', '2016-04-25 23:10:47', 'pacificadora'),
(236, '2016-04-25 23:10:47', '2016-04-25 23:10:47', 'conformista'),
(237, '2016-04-25 23:10:47', '2016-04-25 23:10:47', 'lógico'),
(238, '2016-04-25 23:10:47', '2016-04-25 23:10:47', 'lógica'),
(239, '2016-04-25 23:10:47', '2016-04-25 23:10:47', 'innovador'),
(240, '2016-04-25 23:10:47', '2016-04-25 23:10:47', 'innovadora'),
(241, '2016-04-25 23:10:47', '2016-04-25 23:10:47', 'mediador'),
(242, '2016-04-25 23:10:47', '2016-04-25 23:10:47', 'mediadora'),
(243, '2016-04-25 23:10:47', '2016-04-25 23:10:47', 'activista'),
(244, '2016-04-25 23:10:47', '2016-04-25 23:10:47', 'animador'),
(245, '2016-04-25 23:10:47', '2016-04-25 23:10:47', 'animadora'),
(246, '2016-04-25 23:10:47', '2016-04-25 23:10:47', 'animado'),
(247, '2016-04-25 23:10:47', '2016-04-25 23:10:47', 'animada'),
(248, '2016-04-25 23:10:47', '2016-04-25 23:10:47', 'enérgico'),
(249, '2016-04-25 23:10:47', '2016-04-25 23:10:47', 'enérgica'),
(250, '2016-04-25 23:10:47', '2016-04-25 23:10:47', 'perceptivo'),
(251, '2016-04-25 23:10:47', '2016-04-25 23:10:47', 'perceptiva'),
(252, '2016-04-25 23:10:47', '2016-04-25 23:10:47', 'flexible'),
(253, '2016-04-25 23:10:47', '2016-04-25 23:10:47', 'explorador'),
(254, '2016-04-25 23:10:47', '2016-04-25 23:10:47', 'exploradora'),
(255, '2016-04-25 23:10:47', '2016-04-25 23:10:47', 'experimentado'),
(256, '2016-04-25 23:10:47', '2016-04-25 23:10:47', 'experimentada'),
(257, '2016-04-25 23:10:47', '2016-04-25 23:10:47', 'audáz'),
(258, '2016-04-25 23:10:47', '2016-04-25 23:10:47', 'virtuoso'),
(259, '2016-04-25 23:10:47', '2016-04-25 23:10:47', 'virtuosa'),
(260, '2016-04-25 23:10:47', '2016-04-25 23:10:47', 'sociable'),
(261, '2016-04-25 23:10:47', '2016-04-25 23:10:47', 'popular'),
(262, '2016-04-25 23:10:47', '2016-04-25 23:10:47', 'colaboradora'),
(263, '2016-04-25 23:10:47', '2016-04-25 23:10:47', 'protector'),
(264, '2016-04-25 23:10:47', '2016-04-25 23:10:47', 'protectora'),
(265, '2016-04-25 23:10:47', '2016-04-25 23:10:47', 'cálido'),
(266, '2016-04-25 23:10:47', '2016-04-25 23:10:47', 'enfocado'),
(267, '2016-04-25 23:10:47', '2016-04-25 23:10:47', 'enfocada'),
(268, '2016-04-25 23:10:47', '2016-04-25 23:10:47', 'espiritual'),
(269, '2016-04-25 23:10:47', '2016-04-25 23:10:47', 'sonriente'),
(270, '2016-04-25 23:10:47', '2016-04-25 23:10:47', 'inspirador'),
(271, '2016-04-25 23:10:47', '2016-04-25 23:10:47', 'inspiradora'),
(272, '2016-04-25 23:10:47', '2016-04-25 23:10:47', 'provocador'),
(273, '2016-04-25 23:10:47', '2016-04-25 23:10:47', 'provocadora'),
(274, '2016-04-25 23:10:47', '2016-04-25 23:10:47', 'altruista'),
(275, '2016-04-25 23:10:47', '2016-04-25 23:10:47', 'místico'),
(276, '2016-04-25 23:10:47', '2016-04-25 23:10:47', 'mística'),
(277, '2016-04-25 23:10:47', '2016-04-25 23:10:47', 'incansable'),
(278, '2016-04-25 23:10:47', '2016-04-25 23:10:47', 'intelectual'),
(279, '2016-04-25 23:10:47', '2016-04-25 23:10:47', 'Voluntarioso'),
(280, '2016-04-25 23:10:47', '2016-04-25 23:10:47', 'Voluntariosa'),
(281, '2016-04-25 23:10:47', '2016-04-25 23:10:47', 'inventor'),
(282, '2016-04-25 23:10:47', '2016-04-25 23:10:47', 'inventora'),
(283, '2016-04-25 23:10:47', '2016-04-25 23:10:47', 'planificador'),
(284, '2016-04-25 23:10:47', '2016-04-25 23:10:47', 'planificadora'),
(285, '2016-04-25 23:10:47', '2016-04-25 23:10:47', 'consciente'),
(286, '2016-04-25 23:10:47', '2016-04-25 23:10:47', 'introvertido'),
(287, '2016-04-25 23:10:47', '2016-04-25 23:10:47', 'introvertida'),
(288, '2016-04-25 23:10:47', '2016-04-25 23:10:47', 'tímido'),
(289, '2016-04-25 23:10:47', '2016-04-25 23:10:47', 'tímida'),
(290, '2016-04-25 23:10:47', '2016-04-25 23:10:47', 'sentimental'),
(291, '2016-04-25 23:10:47', '2016-04-25 23:10:47', 'sensacional'),
(292, '2016-04-25 23:10:47', '2016-04-25 23:10:47', 'tenaz'),
(293, '2016-04-25 23:10:47', '2016-04-25 23:10:47', 'amoroso (Enamoradizo?)'),
(294, '2016-04-25 23:10:47', '2016-04-25 23:10:47', 'amorosa'),
(295, '2016-04-25 23:10:47', '2016-04-25 23:10:47', 'demostrativo'),
(296, '2016-04-25 23:10:47', '2016-04-25 23:10:47', 'demostrativa'),
(297, '2016-04-25 23:10:47', '2016-04-25 23:10:47', 'complejo'),
(298, '2016-04-25 23:10:47', '2016-04-25 23:10:47', 'compleja'),
(299, '2016-04-25 23:10:47', '2016-04-25 23:10:47', 'sensorial'),
(300, '2016-04-25 23:10:47', '2016-04-25 23:10:47', 'humanista'),
(301, '2016-04-25 23:10:47', '2016-04-25 23:10:47', 'ambientalista'),
(302, '2016-04-25 23:10:47', '2016-04-25 23:10:47', 'moralista'),
(303, '2016-04-25 23:10:47', '2016-04-25 23:10:47', 'fiel'),
(304, '2016-04-25 23:10:47', '2016-04-25 23:10:47', 'observador'),
(305, '2016-04-25 23:10:47', '2016-04-25 23:10:47', 'observadora'),
(306, '2016-04-25 23:10:47', '2016-04-25 23:10:47', 'emocional'),
(307, '2016-04-25 23:10:47', '2016-04-25 23:10:47', 'asertivo'),
(308, '2016-04-25 23:10:47', '2016-04-25 23:10:47', 'asertiva'),
(309, '2016-04-25 23:10:47', '2016-04-25 23:10:47', 'cauteloso'),
(310, '2016-04-25 23:10:47', '2016-04-25 23:10:47', 'cautelosa'),
(311, '2016-04-25 23:10:47', '2016-04-25 23:10:47', 'resistente'),
(312, '2016-04-25 23:10:47', '2016-04-25 23:10:47', 'proactivo'),
(313, '2016-04-25 23:10:47', '2016-04-25 23:10:47', 'proactiva'),
(314, '2016-04-25 23:10:47', '2016-04-25 23:10:47', 'deportista'),
(315, '2016-04-25 23:10:47', '2016-04-25 23:10:47', 'competente'),
(316, '2016-04-25 23:10:47', '2016-04-25 23:10:47', 'disruptivo'),
(317, '2016-04-25 23:10:47', '2016-04-25 23:10:47', 'disruptiva'),
(318, '2016-04-25 23:10:47', '2016-04-25 23:10:47', 'culto'),
(319, '2016-04-25 23:10:47', '2016-04-25 23:10:47', 'culta'),
(320, '2016-04-25 23:10:47', '2016-04-25 23:10:47', 'preciso'),
(321, '2016-04-25 23:10:47', '2016-04-25 23:10:47', 'precisa'),
(322, '2016-04-25 23:10:47', '2016-04-25 23:10:47', 'cambiante'),
(323, '2016-04-25 23:10:47', '2016-04-25 23:10:47', 'intenso'),
(324, '2016-04-25 23:10:47', '2016-04-25 23:10:47', 'intensa'),
(325, '2016-04-25 23:10:47', '2016-04-25 23:10:47', 'profundo'),
(326, '2016-04-25 23:10:47', '2016-04-25 23:10:47', 'profunda'),
(327, '2016-04-25 23:10:47', '2016-04-25 23:10:47', 'iluminador'),
(328, '2016-04-25 23:10:47', '2016-04-25 23:10:47', 'iluminadora'),
(329, '2016-04-25 23:10:47', '2016-04-25 23:10:47', 'adaptable'),
(330, '2016-04-25 23:10:47', '2016-04-25 23:10:47', 'carismático'),
(331, '2016-04-25 23:10:47', '2016-04-25 23:10:47', 'carismática'),
(332, '2016-04-25 23:10:47', '2016-04-25 23:10:47', 'revolucionario'),
(333, '2016-04-25 23:10:47', '2016-04-25 23:10:47', 'revolucionaria'),
(334, '2016-04-25 23:10:47', '2016-04-25 23:10:47', 'Activo'),
(335, '2016-04-25 23:10:47', '2016-04-25 23:10:47', 'Activa'),
(336, '2016-04-25 23:10:47', '2016-04-25 23:10:47', 'Afable'),
(337, '2016-04-25 23:10:47', '2016-04-25 23:10:47', 'Analitico'),
(338, '2016-04-25 23:10:47', '2016-04-25 23:10:47', 'Analitica'),
(339, '2016-04-25 23:10:47', '2016-04-25 23:10:47', 'Auténtico'),
(340, '2016-04-25 23:10:47', '2016-04-25 23:10:47', 'Auténtica'),
(341, '2016-04-25 23:10:47', '2016-04-25 23:10:47', 'Perspicaz'),
(342, '2016-04-25 23:10:47', '2016-04-25 23:10:47', 'Adorable'),
(343, '2016-04-25 23:10:47', '2016-04-25 23:10:47', 'Noble'),
(344, '2016-04-25 23:10:47', '2016-04-25 23:10:47', 'Justo'),
(345, '2016-04-25 23:10:47', '2016-04-25 23:10:47', 'Cortés'),
(346, '2016-04-25 23:10:47', '2016-04-25 23:10:47', 'Benévolo'),
(347, '2016-04-25 23:10:47', '2016-04-25 23:10:47', 'Benévola'),
(348, '2016-04-25 23:10:47', '2016-04-25 23:10:47', 'Filántropo'),
(349, '2016-04-25 23:10:47', '2016-04-25 23:10:47', 'Filántropa'),
(350, '2016-04-25 23:10:47', '2016-04-25 23:10:47', 'Abnegado'),
(351, '2016-04-25 23:10:47', '2016-04-25 23:10:47', 'Indulgente'),
(352, '2016-04-25 23:10:47', '2016-04-25 23:10:47', 'Condescendiente'),
(353, '2016-04-25 23:10:47', '2016-04-25 23:10:47', 'Convincente'),
(354, '2016-04-25 23:10:47', '2016-04-25 23:10:47', 'Silencioso'),
(355, '2016-04-25 23:10:47', '2016-04-25 23:10:47', 'Hablador'),
(356, '2016-04-25 23:10:47', '2016-04-25 23:10:47', 'Inocente'),
(357, '2016-04-25 23:10:47', '2016-04-25 23:10:47', 'Astuto'),
(358, '2016-04-25 23:10:47', '2016-04-25 23:10:47', 'Elocuente'),
(359, '2016-04-25 23:10:47', '2016-04-25 23:10:47', 'Combativo'),
(360, '2016-04-25 23:10:47', '2016-04-25 23:10:47', 'Combativa'),
(361, '2016-04-25 23:10:47', '2016-04-25 23:10:47', 'Compresivo'),
(362, '2016-04-25 23:10:47', '2016-04-25 23:10:47', 'Comprensiva'),
(363, '2016-04-25 23:10:47', '2016-04-25 23:10:47', 'Luchador'),
(364, '2016-04-25 23:10:47', '2016-04-25 23:10:47', 'Luchadora'),
(365, '2016-04-25 23:10:47', '2016-04-25 23:10:47', 'Constructivo'),
(366, '2016-04-25 23:10:47', '2016-04-25 23:10:47', 'Constructiva'),
(367, '2016-04-25 23:10:47', '2016-04-25 23:10:47', 'Calmado'),
(368, '2016-04-25 23:10:47', '2016-04-25 23:10:47', 'Calmada'),
(369, '2016-04-25 23:10:47', '2016-04-25 23:10:47', 'Aplicado'),
(370, '2016-04-25 23:10:47', '2016-04-25 23:10:47', 'Aplicada'),
(371, '2016-04-25 23:10:47', '2016-04-25 23:10:47', 'Cumplidor'),
(372, '2016-04-25 23:10:47', '2016-04-25 23:10:47', 'Cumplidora'),
(373, '2016-04-25 23:10:47', '2016-04-25 23:10:47', 'Desenvuelto'),
(374, '2016-04-25 23:10:47', '2016-04-25 23:10:47', 'Desenvuelta'),
(375, '2016-04-25 23:10:47', '2016-04-25 23:10:47', 'Dialogante'),
(376, '2016-04-25 23:10:47', '2016-04-25 23:10:47', 'Ecúanime'),
(377, '2016-04-25 23:10:47', '2016-04-25 23:10:47', 'Minucioso'),
(378, '2016-04-25 23:10:47', '2016-04-25 23:10:47', 'Minuciosa'),
(379, '2016-04-25 23:10:47', '2016-04-25 23:10:47', 'Motivador'),
(380, '2016-04-25 23:10:47', '2016-04-25 23:10:47', 'Motivadora'),
(381, '2016-04-25 23:10:47', '2016-04-25 23:10:47', 'Entregado'),
(382, '2016-04-25 23:10:47', '2016-04-25 23:10:47', 'Entregada'),
(383, '2016-04-25 23:10:47', '2016-04-25 23:10:47', 'Estable'),
(384, '2016-04-25 23:10:47', '2016-04-25 23:10:47', 'Ético'),
(385, '2016-04-25 23:10:47', '2016-04-25 23:10:47', 'Ética'),
(386, '2016-04-25 23:10:47', '2016-04-25 23:10:47', 'Firme'),
(387, '2016-04-25 23:10:47', '2016-04-25 23:10:47', 'Mañoso'),
(388, '2016-04-25 23:10:47', '2016-04-25 23:10:47', 'Mañosa'),
(389, '2016-04-25 23:10:47', '2016-04-25 23:10:47', 'Objetivo'),
(390, '2016-04-25 23:10:47', '2016-04-25 23:10:47', 'Objetiva'),
(391, '2016-04-25 23:10:47', '2016-04-25 23:10:47', 'Original'),
(392, '2016-04-25 23:10:47', '2016-04-25 23:10:47', 'Organizado'),
(393, '2016-04-25 23:10:47', '2016-04-25 23:10:47', 'Organizada'),
(394, '2016-04-25 23:10:47', '2016-04-25 23:10:47', 'Participativo'),
(395, '2016-04-25 23:10:47', '2016-04-25 23:10:47', 'Participativa'),
(396, '2016-04-25 23:10:47', '2016-04-25 23:10:47', 'Persistente'),
(397, '2016-04-25 23:10:47', '2016-04-25 23:10:47', 'Osado'),
(398, '2016-04-25 23:10:47', '2016-04-25 23:10:47', 'Osada'),
(399, '2016-04-25 23:10:47', '2016-04-25 23:10:47', 'Intrépido'),
(400, '2016-04-25 23:10:47', '2016-04-25 23:10:47', 'Intrépida'),
(401, '2016-04-25 23:10:47', '2016-04-25 23:10:47', 'Persuasivo'),
(402, '2016-04-25 23:10:47', '2016-04-25 23:10:47', 'Persuasiva'),
(403, '2016-04-25 23:10:47', '2016-04-25 23:10:47', 'Ponderado'),
(404, '2016-04-25 23:10:47', '2016-04-25 23:10:47', 'Ponderada'),
(405, '2016-04-25 23:10:47', '2016-04-25 23:10:47', 'Razonable'),
(406, '2016-04-25 23:10:47', '2016-04-25 23:10:47', 'Respetuoso'),
(407, '2016-04-25 23:10:47', '2016-04-25 23:10:47', 'Respetuosa'),
(408, '2016-04-25 23:10:47', '2016-04-25 23:10:47', 'Actual'),
(409, '2016-04-25 23:10:47', '2016-04-25 23:10:47', 'Metódico'),
(410, '2016-04-25 23:10:47', '2016-04-25 23:10:47', 'Metódica'),
(411, '2016-04-25 23:10:47', '2016-04-25 23:10:47', 'Versado'),
(412, '2016-04-25 23:10:47', '2016-04-25 23:10:47', 'Versada');

-- --------------------------------------------------------

--
-- Table structure for table `endorses`
--

DROP TABLE IF EXISTS `endorses`;
CREATE TABLE `endorses` (
  `id` int(11) NOT NULL,
  `follower_id` int(11) NOT NULL,
  `subject_id` int(11) NOT NULL,
  `endorsement_id` int(11) DEFAULT NULL,
  `created_at` datetime NOT NULL,
  `updated_at` datetime NOT NULL,
  `weight` int(11) DEFAULT NULL
) ENGINE=InnoDB DEFAULT CHARSET=utf8 COLLATE=utf8_unicode_ci;

--
-- Dumping data for table `endorses`
--

INSERT INTO `endorses` (`id`, `follower_id`, `subject_id`, `endorsement_id`, `created_at`, `updated_at`, `weight`) VALUES
(20, 1, 30, 100, '2016-04-28 00:00:00', '2016-04-29 00:00:00', 3),
(37, 140, 1, 12, '2016-04-26 01:10:59', '2016-04-26 01:10:59', 3),
(39, 140, 2, 12, '2016-04-26 04:13:06', '2016-04-26 04:13:06', 3),
(40, 140, 2, 411, '2016-04-26 16:09:13', '2016-04-26 16:09:13', 3),
(41, 140, 2, 4, '2016-04-26 16:09:52', '2016-04-26 16:09:52', 3),
(42, 140, 141, 4, '2016-04-27 02:55:37', '2016-04-27 02:55:37', 3),
(44, 140, 2, 192, '2016-04-27 16:10:55', '2016-04-27 16:10:55', 3),
(45, 155, 5, 4, '2016-04-28 00:00:00', '2016-04-29 00:00:00', 3),
(58, 141, 2, 33, '2016-05-05 17:50:48', '2016-05-05 17:50:48', 3),
(59, 141, 2, 50, '2016-05-05 17:51:20', '2016-05-05 17:51:20', 3),
(65, 141, 143, 5, '2016-05-05 22:19:22', '2016-05-05 22:19:22', 3),
(66, 141, 143, 6, '2016-05-05 22:20:14', '2016-05-05 22:20:14', 3),
(67, 141, 143, 4, '2016-05-05 22:25:02', '2016-05-05 22:25:02', 3),
(72, 155, 2, 7, '2016-05-07 13:05:41', '2016-05-07 13:05:41', 3),
(74, 155, 2, 8, '2016-05-07 13:07:00', '2016-05-07 13:07:00', 20),
(75, 155, 2, 17, '2016-05-07 13:08:42', '2016-05-07 13:08:42', 3);

-- --------------------------------------------------------

--
-- Table structure for table `follows`
--

DROP TABLE IF EXISTS `follows`;
CREATE TABLE `follows` (
  `id` int(11) NOT NULL,
  `follower_id` int(11) NOT NULL,
  `subject_id` int(11) NOT NULL,
  `affinity_id` int(11) DEFAULT NULL,
  `created_at` datetime NOT NULL,
  `updated_at` datetime NOT NULL,
  `weight` int(11) DEFAULT NULL
) ENGINE=InnoDB DEFAULT CHARSET=utf8 COLLATE=utf8_unicode_ci;

--
-- Dumping data for table `follows`
--

INSERT INTO `follows` (`id`, `follower_id`, `subject_id`, `affinity_id`, `created_at`, `updated_at`, `weight`) VALUES
(1, 141, 143, 1, '2016-04-03 13:13:38', '2016-04-03 13:17:01', 1),
(2, 155, 2, 1, '2016-04-03 13:17:34', '2016-04-03 13:17:34', 1),
(3, 1, 4, 1, '2016-04-03 13:17:48', '2016-04-03 13:17:48', NULL),
(7, 3, 5, NULL, '2016-04-18 03:45:23', '2016-04-18 03:45:23', NULL),
(8, 2, 1, 2, '2016-04-18 03:46:25', '2016-04-22 03:26:14', 2),
(39, 140, 140, 1, '2016-04-23 00:06:20', '2016-04-23 00:06:20', NULL),
(57, 2, 140, 1, '2016-04-27 21:04:15', '2016-04-27 21:04:15', NULL),
(58, 141, 141, 1, '2016-04-28 19:38:07', '2016-04-28 19:38:07', NULL),
(59, 142, 142, 1, '2016-04-29 17:13:51', '2016-04-29 17:13:51', NULL),
(60, 2, 123, 1, '2016-05-03 17:33:58', '2016-05-03 17:33:58', NULL),
(61, 141, 143, NULL, '2016-05-04 00:04:51', '2016-05-04 00:04:51', NULL),
(62, 141, 2, NULL, '2016-05-04 00:04:51', '2016-05-04 00:04:51', NULL),
(63, 141, 141, NULL, '2016-05-04 00:04:52', '2016-05-04 00:04:52', NULL),
(64, 141, 1, NULL, '2016-05-04 00:05:10', '2016-05-04 00:05:10', NULL),
(65, 141, 2, NULL, '2016-05-04 00:05:10', '2016-05-04 00:05:10', NULL),
(66, 141, 3, NULL, '2016-05-04 00:05:10', '2016-05-04 00:05:10', NULL),
(67, 141, 4, NULL, '2016-05-04 00:05:10', '2016-05-04 00:05:10', NULL),
(68, 141, 5, NULL, '2016-05-04 00:05:11', '2016-05-04 00:05:11', NULL),
(69, 141, 6, NULL, '2016-05-04 00:05:11', '2016-05-04 00:05:11', NULL),
(70, 141, 7, NULL, '2016-05-04 00:05:11', '2016-05-04 00:05:11', NULL),
(71, 141, 8, NULL, '2016-05-04 00:05:11', '2016-05-04 00:05:11', NULL),
(72, 141, 9, NULL, '2016-05-04 00:05:12', '2016-05-04 00:05:12', NULL),
(73, 141, 10, NULL, '2016-05-04 00:05:12', '2016-05-04 00:05:12', NULL),
(74, 141, 11, NULL, '2016-05-04 00:05:12', '2016-05-04 00:05:12', NULL),
(75, 141, 12, NULL, '2016-05-04 00:05:12', '2016-05-04 00:05:12', NULL),
(76, 141, 13, NULL, '2016-05-04 00:05:12', '2016-05-04 00:05:12', NULL),
(77, 141, 14, NULL, '2016-05-04 00:05:12', '2016-05-04 00:05:12', NULL),
(78, 141, 15, NULL, '2016-05-04 00:05:13', '2016-05-04 00:05:13', NULL),
(79, 141, 16, NULL, '2016-05-04 00:05:13', '2016-05-04 00:05:13', NULL),
(80, 141, 17, NULL, '2016-05-04 00:05:13', '2016-05-04 00:05:13', NULL),
(81, 141, 18, NULL, '2016-05-04 00:05:13', '2016-05-04 00:05:13', NULL),
(82, 141, 19, NULL, '2016-05-04 00:05:13', '2016-05-04 00:05:13', NULL),
(83, 141, 20, NULL, '2016-05-04 00:05:14', '2016-05-04 00:05:14', NULL),
(84, 141, 21, NULL, '2016-05-04 00:05:14', '2016-05-04 00:05:14', NULL),
(85, 141, 22, NULL, '2016-05-04 00:05:14', '2016-05-04 00:05:14', NULL),
(86, 141, 23, NULL, '2016-05-04 00:05:14', '2016-05-04 00:05:14', NULL),
(87, 141, 24, NULL, '2016-05-04 00:05:14', '2016-05-04 00:05:14', NULL),
(88, 141, 25, NULL, '2016-05-04 00:05:15', '2016-05-04 00:05:15', NULL),
(89, 141, 26, NULL, '2016-05-04 00:05:15', '2016-05-04 00:05:15', NULL),
(90, 141, 27, NULL, '2016-05-04 00:05:15', '2016-05-04 00:05:15', NULL),
(91, 141, 28, NULL, '2016-05-04 00:05:15', '2016-05-04 00:05:15', NULL),
(92, 141, 29, NULL, '2016-05-04 00:05:15', '2016-05-04 00:05:15', NULL),
(93, 141, 30, NULL, '2016-05-04 00:05:15', '2016-05-04 00:05:15', NULL),
(94, 141, 31, NULL, '2016-05-04 00:05:16', '2016-05-04 00:05:16', NULL),
(95, 141, 32, NULL, '2016-05-04 00:05:16', '2016-05-04 00:05:16', NULL),
(96, 141, 33, NULL, '2016-05-04 00:05:16', '2016-05-04 00:05:16', NULL),
(97, 141, 34, NULL, '2016-05-04 00:05:16', '2016-05-04 00:05:16', NULL),
(98, 141, 35, NULL, '2016-05-04 00:05:16', '2016-05-04 00:05:16', NULL),
(99, 141, 36, NULL, '2016-05-04 00:05:17', '2016-05-04 00:05:17', NULL),
(100, 141, 37, NULL, '2016-05-04 00:05:17', '2016-05-04 00:05:17', NULL),
(101, 141, 38, NULL, '2016-05-04 00:05:17', '2016-05-04 00:05:17', NULL),
(102, 141, 39, NULL, '2016-05-04 00:05:17', '2016-05-04 00:05:17', NULL),
(103, 141, 40, NULL, '2016-05-04 00:05:17', '2016-05-04 00:05:17', NULL),
(104, 141, 41, NULL, '2016-05-04 00:05:17', '2016-05-04 00:05:17', NULL),
(105, 141, 42, NULL, '2016-05-04 00:05:18', '2016-05-04 00:05:18', NULL),
(106, 141, 43, NULL, '2016-05-04 00:05:18', '2016-05-04 00:05:18', NULL),
(107, 141, 44, NULL, '2016-05-04 00:05:18', '2016-05-04 00:05:18', NULL),
(108, 141, 45, NULL, '2016-05-04 00:05:18', '2016-05-04 00:05:18', NULL),
(109, 141, 46, NULL, '2016-05-04 00:05:18', '2016-05-04 00:05:18', NULL),
(110, 141, 47, NULL, '2016-05-04 00:05:19', '2016-05-04 00:05:19', NULL),
(111, 141, 48, NULL, '2016-05-04 00:05:19', '2016-05-04 00:05:19', NULL),
(112, 141, 49, NULL, '2016-05-04 00:05:19', '2016-05-04 00:05:19', NULL),
(113, 141, 50, NULL, '2016-05-04 00:05:19', '2016-05-04 00:05:19', NULL),
(120, 2, 141, 1, '2016-05-05 18:12:33', '2016-05-05 18:12:33', NULL),
(127, 153, 153, 1, '2016-05-06 21:35:09', '2016-05-06 21:35:09', NULL),
(128, 154, 154, 1, '2016-05-06 21:46:31', '2016-05-06 21:46:31', NULL),
(129, 155, 155, 1, '2016-05-07 13:02:35', '2016-05-07 13:02:35', NULL);

-- --------------------------------------------------------

--
-- Table structure for table `likes`
--

DROP TABLE IF EXISTS `likes`;
CREATE TABLE `likes` (
  `id` int(11) NOT NULL,
  `user_id` int(11) DEFAULT NULL,
  `post_id` int(11) DEFAULT NULL,
  `created_at` datetime NOT NULL,
  `updated_at` datetime NOT NULL,
  `comment_id` int(11) DEFAULT NULL
) ENGINE=InnoDB DEFAULT CHARSET=utf8 COLLATE=utf8_unicode_ci;

--
-- Dumping data for table `likes`
--

INSERT INTO `likes` (`id`, `user_id`, `post_id`, `created_at`, `updated_at`, `comment_id`) VALUES
(3, 1, 12, '2016-04-15 23:51:32', '2016-04-15 23:51:32', NULL),
(13, 127, 13, '2016-04-20 01:04:37', '2016-04-20 01:04:37', NULL),
(14, 127, 14, '2016-04-20 01:22:15', '2016-04-20 01:22:15', NULL),
(16, 127, 20, '2016-04-20 01:23:48', '2016-04-20 01:23:48', NULL),
(28, 127, 15, '2016-04-20 02:21:07', '2016-04-20 02:21:07', NULL),
(31, 127, NULL, '2016-04-20 02:27:22', '2016-04-20 02:27:22', 126),
(35, 127, NULL, '2016-04-21 13:24:16', '2016-04-21 13:24:16', 125),
(36, 127, NULL, '2016-04-21 13:24:19', '2016-04-21 13:24:19', 134),
(37, 127, NULL, '2016-04-21 13:24:24', '2016-04-21 13:24:24', 162),
(38, 127, 12, '2016-04-22 01:16:10', '2016-04-22 01:16:10', NULL),
(42, 140, NULL, '2016-04-26 02:47:09', '2016-04-26 02:47:09', 195),
(43, 140, NULL, '2016-04-26 03:16:44', '2016-04-26 03:16:44', 184),
(44, 140, NULL, '2016-04-26 03:22:07', '2016-04-26 03:22:07', 185),
(45, 140, NULL, '2016-04-27 00:23:36', '2016-04-27 00:23:36', 189),
(46, 140, 48, '2016-04-27 00:24:51', '2016-04-27 00:24:51', NULL),
(47, 140, 79, '2016-04-27 00:24:53', '2016-04-27 00:24:53', NULL),
(48, 140, 67, '2016-04-27 00:24:57', '2016-04-27 00:24:57', NULL),
(49, 140, 62, '2016-04-27 00:25:00', '2016-04-27 00:25:00', NULL),
(50, 140, 14, '2016-04-27 00:25:05', '2016-04-27 00:25:05', NULL),
(51, 140, 3, '2016-04-27 00:25:15', '2016-04-27 00:25:15', NULL),
(52, 140, 64, '2016-04-27 00:25:20', '2016-04-27 00:25:20', NULL),
(53, 140, 65, '2016-04-27 00:25:23', '2016-04-27 00:25:23', NULL),
(54, 140, NULL, '2016-04-27 16:23:38', '2016-04-27 16:23:38', 220),
(55, 140, 86, '2016-04-27 16:25:28', '2016-04-27 16:25:28', NULL),
(56, 141, 70, '2016-05-04 03:29:01', '2016-05-04 03:29:01', NULL),
(57, 141, NULL, '2016-05-04 03:29:44', '2016-05-04 03:29:44', 1),
(58, 155, NULL, '2016-05-09 14:21:36', '2016-05-09 14:21:36', 7);

-- --------------------------------------------------------

--
-- Table structure for table `locations`
--

DROP TABLE IF EXISTS `locations`;
CREATE TABLE `locations` (
  `id` int(11) NOT NULL,
  `address` varchar(255) COLLATE utf8_unicode_ci DEFAULT NULL,
  `latitude` float DEFAULT NULL,
  `longitude` float DEFAULT NULL,
  `created_at` datetime NOT NULL,
  `updated_at` datetime NOT NULL
) ENGINE=InnoDB DEFAULT CHARSET=utf8 COLLATE=utf8_unicode_ci;

--
-- Dumping data for table `locations`
--

INSERT INTO `locations` (`id`, `address`, `latitude`, `longitude`, `created_at`, `updated_at`) VALUES
(1, 'miami', NULL, NULL, '2016-04-28 00:00:00', '2016-04-28 21:08:34'),
(2, 'Caracas', 10.4806, -66.9036, '2016-04-28 00:00:00', '2016-04-28 00:00:00');

-- --------------------------------------------------------

--
-- Table structure for table `notifications`
--

DROP TABLE IF EXISTS `notifications`;
CREATE TABLE `notifications` (
  `id` int(11) NOT NULL,
  `user_id` int(11) DEFAULT NULL,
  `created_at` datetime NOT NULL,
  `updated_at` datetime NOT NULL,
  `title` varchar(255) COLLATE utf8_unicode_ci DEFAULT NULL,
  `subtitle` text COLLATE utf8_unicode_ci,
  `image_file_name` varchar(255) COLLATE utf8_unicode_ci DEFAULT NULL,
  `image_content_type` varchar(255) COLLATE utf8_unicode_ci DEFAULT NULL,
  `image_file_size` int(11) DEFAULT NULL,
  `image_updated_at` datetime DEFAULT NULL,
  `notification_type` int(11) DEFAULT NULL,
  `endorse_weight` int(11) DEFAULT NULL,
  `follower_id` int(11) DEFAULT NULL
) ENGINE=InnoDB DEFAULT CHARSET=utf8 COLLATE=utf8_unicode_ci;

--
-- Dumping data for table `notifications`
--

INSERT INTO `notifications` (`id`, `user_id`, `created_at`, `updated_at`, `title`, `subtitle`, `image_file_name`, `image_content_type`, `image_file_size`, `image_updated_at`, `notification_type`, `endorse_weight`, `follower_id`) VALUES
(2, 1, '2016-04-03 13:01:17', '2016-04-03 13:01:17', 'Title User number 1', 'Subtitle kind of action number 1', 'nando_02.jpg', 'image/jpeg', 102296, '2016-04-03 13:01:17', 4, 3, 2),
(7, 1, '2016-04-03 13:01:18', '2016-04-03 13:01:18', 'Title User number 6', 'Subtitle kind of action number 6', 'nando_02.jpg', 'image/jpeg', 102296, '2016-04-03 13:01:18', 2, NULL, 2),
(8, 1, '2016-04-03 13:01:18', '2016-04-03 13:01:18', 'Title User number 7', 'Subtitle kind of action number 7', 'nando_02.jpg', 'image/jpeg', 102296, '2016-04-03 13:01:18', 2, NULL, 2),
(9, 1, '2016-04-03 13:01:18', '2016-04-03 13:01:18', 'Title User number 8', 'Subtitle kind of action number 8', 'nando_02.jpg', 'image/jpeg', 102296, '2016-04-03 13:01:18', 2, NULL, 2),
(10, 1, '2016-04-03 13:01:19', '2016-04-03 13:01:19', 'Title User number 9', 'Subtitle kind of action number 9', 'nando_02.jpg', 'image/jpeg', 102296, '2016-04-03 13:01:19', 2, NULL, 2),
(11, 1, '2016-04-03 13:01:19', '2016-04-03 13:01:19', 'Title User number 10', 'Subtitle kind of action number 10', 'nando_02.jpg', 'image/jpeg', 102296, '2016-04-03 13:01:19', 2, NULL, 2),
(12, 1, '2016-04-03 13:01:19', '2016-04-03 13:01:19', 'Title User number 11', 'Subtitle kind of action number 11', 'nando_02.jpg', 'image/jpeg', 102296, '2016-04-03 13:01:19', 2, NULL, 2),
(13, 1, '2016-04-03 13:01:19', '2016-04-03 13:01:19', 'Title User number 12', 'Subtitle kind of action number 12', 'nando_02.jpg', 'image/jpeg', 102296, '2016-04-03 13:01:19', 2, NULL, 2),
(14, 1, '2016-04-03 13:01:19', '2016-04-03 13:01:19', 'Title User number 13', 'Subtitle kind of action number 13', 'nando_02.jpg', 'image/jpeg', 102296, '2016-04-03 13:01:19', 2, NULL, 2),
(15, 1, '2016-04-03 13:01:20', '2016-04-03 13:01:20', 'Title User number 14', 'Subtitle kind of action number 14', 'nando_02.jpg', 'image/jpeg', 102296, '2016-04-03 13:01:19', 2, NULL, 2),
(16, 1, '2016-04-03 13:01:20', '2016-04-03 13:01:20', 'Title User number 15', 'Subtitle kind of action number 15', 'nando_02.jpg', 'image/jpeg', 102296, '2016-04-03 13:01:20', 2, NULL, 2),
(17, 1, '2016-04-03 13:01:20', '2016-04-03 13:01:20', 'Title User number 16', 'Subtitle kind of action number 16', 'nando_02.jpg', 'image/jpeg', 102296, '2016-04-03 13:01:20', 2, NULL, 2),
(18, 1, '2016-04-03 13:01:20', '2016-04-03 13:01:20', 'Title User number 17', 'Subtitle kind of action number 17', 'nando_02.jpg', 'image/jpeg', 102296, '2016-04-03 13:01:20', 2, NULL, 2),
(19, 1, '2016-04-03 13:01:20', '2016-04-03 13:01:20', 'Title User number 18', 'Subtitle kind of action number 18', 'nando_02.jpg', 'image/jpeg', 102296, '2016-04-03 13:01:20', 2, NULL, 2),
(20, 1, '2016-04-03 13:01:21', '2016-04-03 13:01:21', 'Title User number 19', 'Subtitle kind of action number 19', 'nando_02.jpg', 'image/jpeg', 102296, '2016-04-03 13:01:21', 2, NULL, 2),
(21, 1, '2016-04-03 13:01:21', '2016-04-03 13:01:21', 'Title User number 20', 'Subtitle kind of action number 20', 'nando_02.jpg', 'image/jpeg', 102296, '2016-04-03 13:01:21', 2, NULL, 2),
(22, 1, '2016-04-03 13:01:21', '2016-04-03 13:01:21', 'Title User number 21', 'Subtitle kind of action number 21', 'nando_02.jpg', 'image/jpeg', 102296, '2016-04-03 13:01:21', 2, NULL, 2),
(23, 1, '2016-04-03 13:01:21', '2016-04-03 13:01:21', 'Title User number 22', 'Subtitle kind of action number 22', 'nando_02.jpg', 'image/jpeg', 102296, '2016-04-03 13:01:21', 2, NULL, 2),
(24, 1, '2016-04-03 13:01:21', '2016-04-03 13:01:21', 'Title User number 23', 'Subtitle kind of action number 23', 'nando_02.jpg', 'image/jpeg', 102296, '2016-04-03 13:01:21', 2, NULL, 2),
(25, 1, '2016-04-03 13:01:22', '2016-04-03 13:01:22', 'Title User number 24', 'Subtitle kind of action number 24', 'nando_02.jpg', 'image/jpeg', 102296, '2016-04-03 13:01:21', 2, NULL, 2),
(26, 1, '2016-04-03 13:01:22', '2016-04-03 13:01:22', 'Title User number 25', 'Subtitle kind of action number 25', 'nando_02.jpg', 'image/jpeg', 102296, '2016-04-03 13:01:22', 2, NULL, 2),
(27, 1, '2016-04-03 13:01:22', '2016-04-03 13:01:22', 'Title User number 26', 'Subtitle kind of action number 26', 'nando_02.jpg', 'image/jpeg', 102296, '2016-04-03 13:01:22', 2, NULL, 2),
(28, 1, '2016-04-03 13:01:22', '2016-04-03 13:01:22', 'Title User number 27', 'Subtitle kind of action number 27', 'nando_02.jpg', 'image/jpeg', 102296, '2016-04-03 13:01:22', 2, NULL, 2),
(29, 1, '2016-04-03 13:01:22', '2016-04-03 13:01:22', 'Title User number 28', 'Subtitle kind of action number 28', 'nando_02.jpg', 'image/jpeg', 102296, '2016-04-03 13:01:22', 2, NULL, 2),
(30, 1, '2016-04-03 13:01:23', '2016-04-03 13:01:23', 'Title User number 29', 'Subtitle kind of action number 29', 'nando_02.jpg', 'image/jpeg', 102296, '2016-04-03 13:01:22', 2, NULL, 2),
(31, 1, '2016-04-03 13:01:23', '2016-04-03 13:01:23', 'Title User number 30', 'Subtitle kind of action number 30', 'nando_02.jpg', 'image/jpeg', 102296, '2016-04-03 13:01:23', 2, NULL, 2),
(32, 1, '2016-04-03 13:01:23', '2016-04-03 13:01:23', 'Title User number 31', 'Subtitle kind of action number 31', 'nando_02.jpg', 'image/jpeg', 102296, '2016-04-03 13:01:23', 2, NULL, 2),
(33, 1, '2016-04-03 13:01:23', '2016-04-03 13:01:23', 'Title User number 32', 'Subtitle kind of action number 32', 'nando_02.jpg', 'image/jpeg', 102296, '2016-04-03 13:01:23', 2, NULL, 2),
(34, 1, '2016-04-03 13:01:23', '2016-04-03 13:01:23', 'Title User number 33', 'Subtitle kind of action number 33', 'nando_02.jpg', 'image/jpeg', 102296, '2016-04-03 13:01:23', 2, NULL, 2),
(35, 1, '2016-04-03 13:01:24', '2016-04-03 13:01:24', 'Title User number 34', 'Subtitle kind of action number 34', 'nando_02.jpg', 'image/jpeg', 102296, '2016-04-03 13:01:23', 2, NULL, 2),
(36, 1, '2016-04-03 13:01:24', '2016-04-03 13:01:24', 'Title User number 35', 'Subtitle kind of action number 35', 'nando_02.jpg', 'image/jpeg', 102296, '2016-04-03 13:01:24', 2, NULL, 2),
(37, 1, '2016-04-03 13:01:24', '2016-04-03 13:01:24', 'Title User number 36', 'Subtitle kind of action number 36', 'nando_02.jpg', 'image/jpeg', 102296, '2016-04-03 13:01:24', 2, NULL, 2),
(38, 1, '2016-04-03 13:01:24', '2016-04-03 13:01:24', 'Title User number 37', 'Subtitle kind of action number 37', 'nando_02.jpg', 'image/jpeg', 102296, '2016-04-03 13:01:24', 2, NULL, 2),
(39, 1, '2016-04-03 13:01:24', '2016-04-03 13:01:24', 'Title User number 38', 'Subtitle kind of action number 38', 'nando_02.jpg', 'image/jpeg', 102296, '2016-04-03 13:01:24', 2, NULL, 2),
(40, 1, '2016-04-03 13:01:25', '2016-04-03 13:01:25', 'Title User number 39', 'Subtitle kind of action number 39', 'nando_02.jpg', 'image/jpeg', 102296, '2016-04-03 13:01:24', 2, NULL, 2),
(41, 1, '2016-04-03 13:01:25', '2016-04-03 13:01:25', 'Title User number 40', 'Subtitle kind of action number 40', 'nando_02.jpg', 'image/jpeg', 102296, '2016-04-03 13:01:25', 2, NULL, 2),
(42, 1, '2016-04-03 13:01:25', '2016-04-03 13:01:25', 'Title User number 41', 'Subtitle kind of action number 41', 'nando_02.jpg', 'image/jpeg', 102296, '2016-04-03 13:01:25', 2, NULL, 2),
(43, 1, '2016-04-03 13:01:25', '2016-04-03 13:01:25', 'Title User number 42', 'Subtitle kind of action number 42', 'nando_02.jpg', 'image/jpeg', 102296, '2016-04-03 13:01:25', 2, NULL, 2),
(44, 1, '2016-04-03 13:01:25', '2016-04-03 13:01:25', 'Title User number 43', 'Subtitle kind of action number 43', 'nando_02.jpg', 'image/jpeg', 102296, '2016-04-03 13:01:25', 2, NULL, 2),
(45, 1, '2016-04-03 13:01:26', '2016-04-03 13:01:26', 'Title User number 44', 'Subtitle kind of action number 44', 'nando_02.jpg', 'image/jpeg', 102296, '2016-04-03 13:01:25', 2, NULL, 2),
(46, 1, '2016-04-03 13:01:26', '2016-04-03 13:01:26', 'Title User number 45', 'Subtitle kind of action number 45', 'nando_02.jpg', 'image/jpeg', 102296, '2016-04-03 13:01:26', 2, NULL, 2),
(47, 1, '2016-04-03 13:01:26', '2016-04-03 13:01:26', 'Title User number 46', 'Subtitle kind of action number 46', 'nando_02.jpg', 'image/jpeg', 102296, '2016-04-03 13:01:26', 2, NULL, 2),
(48, 1, '2016-04-03 13:01:26', '2016-04-03 13:01:26', 'Title User number 47', 'Subtitle kind of action number 47', 'nando_02.jpg', 'image/jpeg', 102296, '2016-04-03 13:01:26', 2, NULL, 2),
(49, 1, '2016-04-03 13:01:26', '2016-04-03 13:01:26', 'Title User number 48', 'Subtitle kind of action number 48', 'nando_02.jpg', 'image/jpeg', 102296, '2016-04-03 13:01:26', 2, NULL, 2),
(50, 1, '2016-04-03 13:01:27', '2016-04-03 13:01:27', 'Title User number 49', 'Subtitle kind of action number 49', 'nando_02.jpg', 'image/jpeg', 102296, '2016-04-03 13:01:26', 2, NULL, 2),
(51, 1, '2016-04-03 13:01:27', '2016-04-03 13:01:27', 'Title User number 50', 'Subtitle kind of action number 50', 'nando_02.jpg', 'image/jpeg', 102296, '2016-04-03 13:01:27', 2, NULL, 2),
(52, 1, '2016-04-03 13:01:27', '2016-04-03 13:01:27', 'Title User number 51', 'Subtitle kind of action number 51', 'nando_02.jpg', 'image/jpeg', 102296, '2016-04-03 13:01:27', 2, NULL, 2),
(53, 1, '2016-04-03 13:01:27', '2016-04-03 13:01:27', 'Title User number 52', 'Subtitle kind of action number 52', 'nando_02.jpg', 'image/jpeg', 102296, '2016-04-03 13:01:27', 2, NULL, 2),
(54, 1, '2016-04-03 13:01:27', '2016-04-03 13:01:27', 'Title User number 53', 'Subtitle kind of action number 53', 'nando_02.jpg', 'image/jpeg', 102296, '2016-04-03 13:01:27', 2, NULL, 2),
(55, 1, '2016-04-03 13:01:28', '2016-04-03 13:01:28', 'Title User number 54', 'Subtitle kind of action number 54', 'nando_02.jpg', 'image/jpeg', 102296, '2016-04-03 13:01:27', 2, NULL, 2),
(56, 1, '2016-04-03 13:01:28', '2016-04-03 13:01:28', 'Title User number 55', 'Subtitle kind of action number 55', 'nando_02.jpg', 'image/jpeg', 102296, '2016-04-03 13:01:28', 2, NULL, 2),
(57, 1, '2016-04-03 13:01:28', '2016-04-03 13:01:28', 'Title User number 56', 'Subtitle kind of action number 56', 'nando_02.jpg', 'image/jpeg', 102296, '2016-04-03 13:01:28', 2, NULL, 2),
(58, 1, '2016-04-03 13:01:28', '2016-04-03 13:01:28', 'Title User number 57', 'Subtitle kind of action number 57', 'nando_02.jpg', 'image/jpeg', 102296, '2016-04-03 13:01:28', 2, NULL, 2),
(59, 1, '2016-04-03 13:01:28', '2016-04-03 13:01:28', 'Title User number 58', 'Subtitle kind of action number 58', 'nando_02.jpg', 'image/jpeg', 102296, '2016-04-03 13:01:28', 2, NULL, 2),
(60, 1, '2016-04-03 13:01:29', '2016-04-03 13:01:29', 'Title User number 59', 'Subtitle kind of action number 59', 'nando_02.jpg', 'image/jpeg', 102296, '2016-04-03 13:01:28', 2, NULL, 2),
(61, 1, '2016-04-03 13:01:29', '2016-04-03 13:01:29', 'Title User number 60', 'Subtitle kind of action number 60', 'nando_02.jpg', 'image/jpeg', 102296, '2016-04-03 13:01:29', 2, NULL, 2),
(62, 1, '2016-04-03 13:01:29', '2016-04-03 13:01:29', 'Title User number 61', 'Subtitle kind of action number 61', 'nando_02.jpg', 'image/jpeg', 102296, '2016-04-03 13:01:29', 2, NULL, 2),
(63, 1, '2016-04-03 13:01:29', '2016-04-03 13:01:29', 'Title User number 62', 'Subtitle kind of action number 62', 'nando_02.jpg', 'image/jpeg', 102296, '2016-04-03 13:01:29', 2, NULL, 2),
(64, 1, '2016-04-03 13:01:29', '2016-04-03 13:01:29', 'Title User number 63', 'Subtitle kind of action number 63', 'nando_02.jpg', 'image/jpeg', 102296, '2016-04-03 13:01:29', 2, NULL, 2),
(65, 1, '2016-04-03 13:01:30', '2016-04-03 13:01:30', 'Title User number 64', 'Subtitle kind of action number 64', 'nando_02.jpg', 'image/jpeg', 102296, '2016-04-03 13:01:29', 2, NULL, 2),
(66, 1, '2016-04-03 13:01:30', '2016-04-03 13:01:30', 'Title User number 65', 'Subtitle kind of action number 65', 'nando_02.jpg', 'image/jpeg', 102296, '2016-04-03 13:01:30', 2, NULL, 2),
(67, 1, '2016-04-03 13:01:30', '2016-04-03 13:01:30', 'Title User number 66', 'Subtitle kind of action number 66', 'nando_02.jpg', 'image/jpeg', 102296, '2016-04-03 13:01:30', 2, NULL, 2),
(68, 1, '2016-04-03 13:01:30', '2016-04-03 13:01:30', 'Title User number 67', 'Subtitle kind of action number 67', 'nando_02.jpg', 'image/jpeg', 102296, '2016-04-03 13:01:30', 2, NULL, 2),
(69, 1, '2016-04-03 13:01:30', '2016-04-03 13:01:30', 'Title User number 68', 'Subtitle kind of action number 68', 'nando_02.jpg', 'image/jpeg', 102296, '2016-04-03 13:01:30', 2, NULL, 2),
(70, 1, '2016-04-03 13:01:31', '2016-04-03 13:01:31', 'Title User number 69', 'Subtitle kind of action number 69', 'nando_02.jpg', 'image/jpeg', 102296, '2016-04-03 13:01:30', 2, NULL, 2),
(71, 1, '2016-04-03 13:01:31', '2016-04-03 13:01:31', 'Title User number 70', 'Subtitle kind of action number 70', 'nando_02.jpg', 'image/jpeg', 102296, '2016-04-03 13:01:31', 2, NULL, 2),
(72, 1, '2016-04-03 13:01:31', '2016-04-03 13:01:31', 'Title User number 71', 'Subtitle kind of action number 71', 'nando_02.jpg', 'image/jpeg', 102296, '2016-04-03 13:01:31', 2, NULL, 2),
(73, 1, '2016-04-03 13:01:31', '2016-04-03 13:01:31', 'Title User number 72', 'Subtitle kind of action number 72', 'nando_02.jpg', 'image/jpeg', 102296, '2016-04-03 13:01:31', 2, NULL, 2),
(74, 1, '2016-04-03 13:01:31', '2016-04-03 13:01:31', 'Title User number 73', 'Subtitle kind of action number 73', 'nando_02.jpg', 'image/jpeg', 102296, '2016-04-03 13:01:31', 2, NULL, 2),
(75, 1, '2016-04-03 13:01:31', '2016-04-03 13:01:31', 'Title User number 74', 'Subtitle kind of action number 74', 'nando_02.jpg', 'image/jpeg', 102296, '2016-04-03 13:01:31', 2, NULL, 2),
(76, 1, '2016-04-03 13:01:32', '2016-04-03 13:01:32', 'Title User number 75', 'Subtitle kind of action number 75', 'nando_02.jpg', 'image/jpeg', 102296, '2016-04-03 13:01:31', 2, NULL, 2),
(77, 1, '2016-04-03 13:01:32', '2016-04-03 13:01:32', 'Title User number 76', 'Subtitle kind of action number 76', 'nando_02.jpg', 'image/jpeg', 102296, '2016-04-03 13:01:32', 2, NULL, 2),
(78, 1, '2016-04-03 13:01:32', '2016-04-03 13:01:32', 'Title User number 77', 'Subtitle kind of action number 77', 'nando_02.jpg', 'image/jpeg', 102296, '2016-04-03 13:01:32', 2, NULL, 2),
(79, 1, '2016-04-03 13:01:32', '2016-04-03 13:01:32', 'Title User number 78', 'Subtitle kind of action number 78', 'nando_02.jpg', 'image/jpeg', 102296, '2016-04-03 13:01:32', 2, NULL, 2),
(80, 1, '2016-04-03 13:01:32', '2016-04-03 13:01:32', 'Title User number 79', 'Subtitle kind of action number 79', 'nando_02.jpg', 'image/jpeg', 102296, '2016-04-03 13:01:32', 2, NULL, 2),
(81, 1, '2016-04-03 13:01:33', '2016-04-03 13:01:33', 'Title User number 80', 'Subtitle kind of action number 80', 'nando_02.jpg', 'image/jpeg', 102296, '2016-04-03 13:01:33', 2, NULL, 2),
(82, 1, '2016-04-03 13:01:33', '2016-04-03 13:01:33', 'Title User number 81', 'Subtitle kind of action number 81', 'nando_02.jpg', 'image/jpeg', 102296, '2016-04-03 13:01:33', 2, NULL, 2),
(83, 1, '2016-04-03 13:01:33', '2016-04-03 13:01:33', 'Title User number 82', 'Subtitle kind of action number 82', 'nando_02.jpg', 'image/jpeg', 102296, '2016-04-03 13:01:33', 2, NULL, 2),
(84, 1, '2016-04-03 13:01:33', '2016-04-03 13:01:33', 'Title User number 83', 'Subtitle kind of action number 83', 'nando_02.jpg', 'image/jpeg', 102296, '2016-04-03 13:01:33', 2, NULL, 2),
(85, 1, '2016-04-03 13:01:33', '2016-04-03 13:01:33', 'Title User number 84', 'Subtitle kind of action number 84', 'nando_02.jpg', 'image/jpeg', 102296, '2016-04-03 13:01:33', 2, NULL, 2),
(86, 1, '2016-04-03 13:01:34', '2016-04-03 13:01:34', 'Title User number 85', 'Subtitle kind of action number 85', 'nando_02.jpg', 'image/jpeg', 102296, '2016-04-03 13:01:33', 2, NULL, 2),
(87, 1, '2016-04-03 13:01:34', '2016-04-03 13:01:34', 'Title User number 86', 'Subtitle kind of action number 86', 'nando_02.jpg', 'image/jpeg', 102296, '2016-04-03 13:01:34', 2, NULL, 2),
(88, 1, '2016-04-03 13:01:34', '2016-04-03 13:01:34', 'Title User number 87', 'Subtitle kind of action number 87', 'nando_02.jpg', 'image/jpeg', 102296, '2016-04-03 13:01:34', 2, NULL, 2),
(89, 1, '2016-04-03 13:01:34', '2016-04-03 13:01:34', 'Title User number 88', 'Subtitle kind of action number 88', 'nando_02.jpg', 'image/jpeg', 102296, '2016-04-03 13:01:34', 2, NULL, 2),
(90, 1, '2016-04-03 13:01:34', '2016-04-03 13:01:34', 'Title User number 89', 'Subtitle kind of action number 89', 'nando_02.jpg', 'image/jpeg', 102296, '2016-04-03 13:01:34', 2, NULL, 2),
(91, 1, '2016-04-03 13:01:35', '2016-04-03 13:01:35', 'Title User number 90', 'Subtitle kind of action number 90', 'nando_02.jpg', 'image/jpeg', 102296, '2016-04-03 13:01:34', 2, NULL, 2),
(92, 1, '2016-04-03 13:01:35', '2016-04-03 13:01:35', 'Title User number 91', 'Subtitle kind of action number 91', 'nando_02.jpg', 'image/jpeg', 102296, '2016-04-03 13:01:35', 2, NULL, 2),
(93, 1, '2016-04-03 13:01:35', '2016-04-03 13:01:35', 'Title User number 92', 'Subtitle kind of action number 92', 'nando_02.jpg', 'image/jpeg', 102296, '2016-04-03 13:01:35', 2, NULL, 2),
(94, 1, '2016-04-03 13:01:35', '2016-04-03 13:01:35', 'Title User number 93', 'Subtitle kind of action number 93', 'nando_02.jpg', 'image/jpeg', 102296, '2016-04-03 13:01:35', 2, NULL, 2),
(95, 1, '2016-04-03 13:01:35', '2016-04-03 13:01:35', 'Title User number 94', 'Subtitle kind of action number 94', 'nando_02.jpg', 'image/jpeg', 102296, '2016-04-03 13:01:35', 2, NULL, 2),
(96, 1, '2016-04-03 13:01:36', '2016-04-03 13:01:36', 'Title User number 95', 'Subtitle kind of action number 95', 'nando_02.jpg', 'image/jpeg', 102296, '2016-04-03 13:01:35', 2, NULL, 2),
(97, 1, '2016-04-03 13:01:36', '2016-04-03 13:01:36', 'Title User number 96', 'Subtitle kind of action number 96', 'nando_02.jpg', 'image/jpeg', 102296, '2016-04-03 13:01:36', 2, NULL, 2),
(98, 1, '2016-04-03 13:01:36', '2016-04-03 13:01:36', 'Title User number 97', 'Subtitle kind of action number 97', 'nando_02.jpg', 'image/jpeg', 102296, '2016-04-03 13:01:36', 2, NULL, 2),
(99, 1, '2016-04-03 13:01:36', '2016-04-03 13:01:36', 'Title User number 98', 'Subtitle kind of action number 98', 'nando_02.jpg', 'image/jpeg', 102296, '2016-04-03 13:01:36', 2, NULL, 2),
(100, 1, '2016-04-03 13:01:37', '2016-04-03 13:01:37', 'Title User number 99', 'Subtitle kind of action number 99', 'nando_02.jpg', 'image/jpeg', 102296, '2016-04-03 13:01:36', 2, NULL, 2),
(101, 1, '2016-04-03 13:01:37', '2016-04-03 13:01:37', 'Title User number 100', 'Subtitle kind of action number 100', 'nando_02.jpg', 'image/jpeg', 102296, '2016-04-03 13:01:37', 2, NULL, 2),
(102, 2, '2016-04-15 23:51:32', '2016-04-15 23:51:32', 'Fernando0 Martinez0', 'Has liked your post', 'nando_02.jpg', 'image/jpeg', 102296, '2016-04-15 23:51:32', 5, NULL, 2),
(103, 2, '2016-04-15 23:55:11', '2016-04-15 23:55:11', 'Fernando0 Martinez0', 'Is now following you', 'nando_02.jpg', 'image/jpeg', 102296, '2016-04-15 23:55:11', 3, NULL, 2),
(104, 2, '2016-04-18 02:32:27', '2016-04-18 02:32:27', 'Fernando0 Martinez0', 'Has endorsed you for charismatic', 'nando_02.jpg', 'image/jpeg', 102296, '2016-04-18 02:32:27', 4, 1, 2),
(105, 2, '2016-04-18 02:38:18', '2016-04-18 02:38:18', 'Fernando0 Martinez0', 'Has endorsed you for charismatic', 'nando_02.jpg', 'image/jpeg', 102296, '2016-04-18 02:38:17', 4, 3, 2),
(106, 126, '2016-04-18 03:09:28', '2016-04-18 03:09:28', 'Fernando Martinez', 'Has given you advice', 'open-uri20160417-18911-as4h89', 'image/jpeg', 11740, '2016-04-18 03:09:28', 2, NULL, 2),
(107, 126, '2016-04-18 03:09:56', '2016-04-18 03:09:56', 'Fernando Martinez', 'Has given you advice', 'open-uri20160417-18911-as4h89', 'image/jpeg', 11740, '2016-04-18 03:09:56', 2, NULL, 2),
(108, 5, '2016-04-18 03:45:24', '2016-04-18 03:45:24', 'Fernando2 Martinez2', 'Is now following you', 'nando_02.jpg', 'image/jpeg', 102296, '2016-04-18 03:45:23', 1, NULL, 2),
(109, 126, '2016-04-18 03:46:25', '2016-04-18 03:46:25', 'Fernando Martinez', 'Is now following you', 'open-uri20160417-18911-as4h89', 'image/jpeg', 11740, '2016-04-18 03:46:25', 1, NULL, 2),
(110, 126, '2016-04-18 12:45:17', '2016-04-18 12:45:17', 'Fernando Martinez', 'Has given you advice', 'open-uri20160417-18911-as4h89', 'image/jpeg', 11740, '2016-04-18 12:45:17', 2, NULL, 2),
(111, 2, '2016-04-18 13:51:22', '2016-04-18 13:51:22', 'Fernando Martinez', 'Is now following you', 'open-uri20160417-18911-as4h89', 'image/jpeg', 11740, '2016-04-18 13:51:22', 1, NULL, 2),
(112, 2, '2016-04-18 14:09:47', '2016-04-18 14:09:47', 'Fernando Martinez', 'Is now following you', 'open-uri20160417-18911-as4h89', 'image/jpeg', 11740, '2016-04-18 14:09:47', 3, NULL, 2),
(113, 2, '2016-04-18 14:10:07', '2016-04-18 14:10:07', 'Fernando Martinez', 'Is now following you', 'open-uri20160417-18911-as4h89', 'image/jpeg', 11740, '2016-04-18 14:10:07', 3, NULL, 2),
(114, 2, '2016-04-18 15:50:46', '2016-04-18 15:50:46', 'Fernando Martinez', 'Is now following you', 'open-uri20160417-18911-as4h89', 'image/jpeg', 11740, '2016-04-18 15:50:46', 3, NULL, 2),
(115, 2, '2016-04-18 15:51:22', '2016-04-18 15:51:22', 'Fernando Martinez', 'Is now following you', 'open-uri20160417-18911-as4h89', 'image/jpeg', 11740, '2016-04-18 15:51:22', 3, NULL, 2),
(116, 2, '2016-04-18 15:51:33', '2016-04-18 15:51:33', 'Fernando Martinez', 'Is now following you', 'open-uri20160417-18911-as4h89', 'image/jpeg', 11740, '2016-04-18 15:51:33', 3, NULL, 2),
(117, 2, '2016-04-18 15:54:51', '2016-04-18 15:54:51', 'Fernando Martinez', 'Is now following you', 'open-uri20160417-18911-as4h89', 'image/jpeg', 11740, '2016-04-18 15:54:51', 3, NULL, 2),
(118, 2, '2016-04-18 15:57:09', '2016-04-18 15:57:09', 'Fernando Martinez', 'Is now following you', 'open-uri20160417-18911-as4h89', 'image/jpeg', 11740, '2016-04-18 15:57:09', 3, NULL, 2),
(119, 2, '2016-04-18 15:57:36', '2016-04-18 15:57:36', 'Fernando Martinez', 'Is now following you', 'open-uri20160417-18911-as4h89', 'image/jpeg', 11740, '2016-04-18 15:57:35', 3, NULL, 2),
(120, 2, '2016-04-18 15:57:58', '2016-04-18 15:57:58', 'Fernando Martinez', 'Is now following you', 'open-uri20160417-18911-as4h89', 'image/jpeg', 11740, '2016-04-18 15:57:58', 3, NULL, 2),
(121, 2, '2016-04-18 15:59:49', '2016-04-18 15:59:49', 'Fernando Martinez', 'Is now following you', 'open-uri20160417-18911-as4h89', 'image/jpeg', 11740, '2016-04-18 15:59:49', 3, NULL, 2),
(122, 2, '2016-04-18 16:01:19', '2016-04-18 16:01:19', 'Fernando Martinez', 'Is now following you', 'open-uri20160417-18911-as4h89', 'image/jpeg', 11740, '2016-04-18 16:01:19', 3, NULL, 2),
(123, 2, '2016-04-18 16:01:50', '2016-04-18 16:01:50', 'Fernando Martinez', 'Is now following you', 'open-uri20160417-18911-as4h89', 'image/jpeg', 11740, '2016-04-18 16:01:50', 3, NULL, 2),
(124, 2, '2016-04-18 16:02:06', '2016-04-18 16:02:06', 'Fernando Martinez', 'Is now following you', 'open-uri20160417-18911-as4h89', 'image/jpeg', 11740, '2016-04-18 16:02:06', 3, NULL, 2),
(125, 2, '2016-04-18 16:02:11', '2016-04-18 16:02:11', 'Fernando Martinez', 'Is now following you', 'open-uri20160417-18911-as4h89', 'image/jpeg', 11740, '2016-04-18 16:02:11', 3, NULL, 2),
(126, 2, '2016-04-18 16:05:34', '2016-04-18 16:05:34', 'Fernando Martinez', 'Is now following you', 'open-uri20160417-18911-as4h89', 'image/jpeg', 11740, '2016-04-18 16:05:34', 3, NULL, 2),
(127, 2, '2016-04-18 16:06:29', '2016-04-18 16:06:29', 'Fernando Martinez', 'Is now following you', 'open-uri20160417-18911-as4h89', 'image/jpeg', 11740, '2016-04-18 16:06:29', 3, NULL, 2),
(128, 2, '2016-04-18 16:07:35', '2016-04-18 16:07:35', 'Fernando Martinez', 'Is now following you', 'open-uri20160417-18911-as4h89', 'image/jpeg', 11740, '2016-04-18 16:07:35', 3, NULL, 2),
(129, 2, '2016-04-18 16:09:27', '2016-04-18 16:09:27', 'Fernando Martinez', 'Is now following you', 'open-uri20160417-18911-as4h89', 'image/jpeg', 11740, '2016-04-18 16:09:27', 3, NULL, 2),
(130, 2, '2016-04-18 16:11:35', '2016-04-18 16:11:35', 'Fernando Martinez', 'Is now following you', 'open-uri20160417-18911-as4h89', 'image/jpeg', 11740, '2016-04-18 16:11:34', 3, NULL, 2),
(131, 2, '2016-04-18 16:12:07', '2016-04-18 16:12:07', 'Fernando Martinez', 'Is now following you', 'open-uri20160417-18911-as4h89', 'image/jpeg', 11740, '2016-04-18 16:12:07', 3, NULL, 2),
(132, 2, '2016-04-18 16:12:36', '2016-04-18 16:12:36', 'Fernando Martinez', 'Is now following you', 'open-uri20160417-18911-as4h89', 'image/jpeg', 11740, '2016-04-18 16:12:36', 3, NULL, 2),
(133, 2, '2016-04-18 16:13:00', '2016-04-18 16:13:00', 'Fernando Martinez', 'Is now following you', 'open-uri20160417-18911-as4h89', 'image/jpeg', 11740, '2016-04-18 16:13:00', 3, NULL, 2),
(134, 2, '2016-04-18 16:13:12', '2016-04-18 16:13:12', 'Fernando Martinez', 'Is now following you', 'open-uri20160417-18911-as4h89', 'image/jpeg', 11740, '2016-04-18 16:13:12', 3, NULL, 2),
(135, 2, '2016-04-18 16:13:31', '2016-04-18 16:13:31', 'Fernando Martinez', 'Is now following you', 'open-uri20160417-18911-as4h89', 'image/jpeg', 11740, '2016-04-18 16:13:31', 3, NULL, 2),
(136, 2, '2016-04-18 16:14:13', '2016-04-18 16:14:13', 'Fernando Martinez', 'Is now following you', 'open-uri20160417-18911-as4h89', 'image/jpeg', 11740, '2016-04-18 16:14:13', 3, NULL, 2),
(137, 2, '2016-04-18 16:14:35', '2016-04-18 16:14:35', 'Fernando Martinez', 'Is now following you', 'open-uri20160417-18911-as4h89', 'image/jpeg', 11740, '2016-04-18 16:14:35', 3, NULL, 2),
(138, 2, '2016-04-18 16:14:48', '2016-04-18 16:14:48', 'Fernando Martinez', 'Is now following you', 'open-uri20160417-18911-as4h89', 'image/jpeg', 11740, '2016-04-18 16:14:48', 3, NULL, 2),
(139, 2, '2016-04-18 16:15:24', '2016-04-18 16:15:24', 'Fernando Martinez', 'Is now following you', 'open-uri20160417-18911-as4h89', 'image/jpeg', 11740, '2016-04-18 16:15:24', 3, NULL, 2),
(140, 2, '2016-04-18 16:15:51', '2016-04-18 16:15:51', 'Fernando Martinez', 'Is now following you', 'open-uri20160417-18911-as4h89', 'image/jpeg', 11740, '2016-04-18 16:15:51', 3, NULL, 2),
(141, 2, '2016-04-18 16:16:17', '2016-04-18 16:16:17', 'Fernando Martinez', 'Is now following you', 'open-uri20160417-18911-as4h89', 'image/jpeg', 11740, '2016-04-18 16:16:17', 3, NULL, 2),
(142, 2, '2016-04-18 16:16:22', '2016-04-18 16:16:22', 'Fernando Martinez', 'Is now following you', 'open-uri20160417-18911-as4h89', 'image/jpeg', 11740, '2016-04-18 16:16:22', 3, NULL, 2),
(143, 2, '2016-04-18 16:18:28', '2016-04-18 16:18:28', 'Fernando Martinez', 'Is now following you', 'open-uri20160417-18911-as4h89', 'image/jpeg', 11740, '2016-04-18 16:18:28', 3, NULL, 2),
(144, 127, '2016-04-19 00:10:33', '2016-04-19 00:10:33', 'Fernando Martinez', 'Is now following you', 'open-uri20160418-35934-k08ylj', 'image/jpeg', 11740, '2016-04-19 00:10:33', 1, NULL, 2),
(145, 2, '2016-04-19 00:12:49', '2016-04-19 00:12:49', 'Fernando Martinez', 'Is now following you', 'open-uri20160418-35934-k08ylj', 'image/jpeg', 11740, '2016-04-19 00:12:49', 1, NULL, 2),
(146, 2, '2016-04-19 00:21:46', '2016-04-19 00:21:46', 'Fernando Martinez', 'Is now following you', 'open-uri20160418-35934-k08ylj', 'image/jpeg', 11740, '2016-04-19 00:21:46', 3, NULL, 2),
(147, 2, '2016-04-19 01:15:23', '2016-04-19 01:15:23', 'Fernando Martinez', 'Is now following you', 'open-uri20160418-35934-k08ylj', 'image/jpeg', 11740, '2016-04-19 01:15:23', 1, NULL, 127),
(148, 2, '2016-04-19 03:01:00', '2016-04-19 03:01:00', 'Fernando Martinez', 'Is now following you', 'open-uri20160418-35934-k08ylj', 'image/jpeg', 11740, '2016-04-19 03:01:00', 1, NULL, 127),
(149, 2, '2016-04-19 03:01:56', '2016-04-19 03:01:56', 'Fernando Martinez', 'Is now following you', 'open-uri20160418-35934-k08ylj', 'image/jpeg', 11740, '2016-04-19 03:01:56', 1, NULL, 127),
(150, 2, '2016-04-19 03:02:15', '2016-04-19 03:02:15', 'Fernando Martinez', 'Is now following you', 'open-uri20160418-35934-k08ylj', 'image/jpeg', 11740, '2016-04-19 03:02:15', 1, NULL, 127),
(151, 2, '2016-04-19 03:03:03', '2016-04-19 03:03:03', 'Fernando Martinez', 'Is now following you', 'open-uri20160418-35934-k08ylj', 'image/jpeg', 11740, '2016-04-19 03:03:03', 1, NULL, 127),
(152, 2, '2016-04-19 03:03:58', '2016-04-19 03:03:58', 'Fernando Martinez', 'Is now following you', 'open-uri20160418-35934-k08ylj', 'image/jpeg', 11740, '2016-04-19 03:03:58', 1, NULL, 127),
(153, 2, '2016-04-19 03:04:05', '2016-04-19 03:04:05', 'Fernando Martinez', 'Is now following you', 'open-uri20160418-35934-k08ylj', 'image/jpeg', 11740, '2016-04-19 03:04:04', 1, NULL, 127),
(154, 2, '2016-04-19 03:04:18', '2016-04-19 03:04:18', 'Fernando Martinez', 'Is now following you', 'open-uri20160418-35934-k08ylj', 'image/jpeg', 11740, '2016-04-19 03:04:17', 1, NULL, 127),
(155, 2, '2016-04-19 03:06:22', '2016-04-19 03:06:22', 'Fernando Martinez', 'Is now following you', 'open-uri20160418-35934-k08ylj', 'image/jpeg', 11740, '2016-04-19 03:06:22', 1, NULL, 127),
(156, 2, '2016-04-20 01:04:10', '2016-04-20 01:04:10', 'Fernando Martinez', 'Has liked your post', 'open-uri20160418-35934-k08ylj', 'image/jpeg', 11740, '2016-04-20 01:04:10', 5, NULL, NULL),
(157, 2, '2016-04-20 01:04:37', '2016-04-20 01:04:37', 'Fernando Martinez', 'Has liked your post', 'open-uri20160418-35934-k08ylj', 'image/jpeg', 11740, '2016-04-20 01:04:37', 5, NULL, NULL),
(158, 2, '2016-04-20 01:22:15', '2016-04-20 01:22:15', 'Fernando Martinez', 'Has liked your post', 'open-uri20160418-35934-k08ylj', 'image/jpeg', 11740, '2016-04-20 01:22:15', 5, NULL, NULL),
(159, 2, '2016-04-20 01:22:20', '2016-04-20 01:22:20', 'Fernando Martinez', 'Has liked your post', 'open-uri20160418-35934-k08ylj', 'image/jpeg', 11740, '2016-04-20 01:22:20', 5, NULL, NULL),
(160, 2, '2016-04-20 01:23:48', '2016-04-20 01:23:48', 'Fernando Martinez', 'Has liked your post', 'open-uri20160418-35934-k08ylj', 'image/jpeg', 11740, '2016-04-20 01:23:48', 5, NULL, NULL),
(161, 2, '2016-04-20 02:20:53', '2016-04-20 02:20:53', 'Fernando Martinez', 'Has liked your post', 'open-uri20160418-35934-k08ylj', 'image/jpeg', 11740, '2016-04-20 02:20:52', 5, NULL, NULL),
(162, 2, '2016-04-20 02:21:07', '2016-04-20 02:21:07', 'Fernando Martinez', 'Has liked your post', 'open-uri20160418-35934-k08ylj', 'image/jpeg', 11740, '2016-04-20 02:21:07', 5, NULL, NULL),
(163, 2, '2016-04-20 02:25:04', '2016-04-20 02:25:04', 'Fernando Martinez', 'Is now following you', 'open-uri20160418-35934-k08ylj', 'image/jpeg', 11740, '2016-04-20 02:25:04', 1, NULL, 127),
(164, 2, '2016-04-20 02:25:11', '2016-04-20 02:25:11', 'Fernando Martinez', 'Is now following you', 'open-uri20160418-35934-k08ylj', 'image/jpeg', 11740, '2016-04-20 02:25:11', 1, NULL, 127),
(165, 2, '2016-04-20 02:27:19', '2016-04-20 02:27:19', 'Fernando Martinez', 'Has liked your post', 'open-uri20160418-35934-k08ylj', 'image/jpeg', 11740, '2016-04-20 02:27:19', 5, NULL, NULL),
(166, 127, '2016-04-20 02:27:22', '2016-04-20 02:27:22', 'Fernando Martinez', 'Has liked your comment', 'open-uri20160418-35934-k08ylj', 'image/jpeg', 11740, '2016-04-20 02:27:22', 6, NULL, NULL),
(167, 2, '2016-04-20 16:21:30', '2016-04-20 16:21:30', 'Fernando Martinez', 'Has liked your post', 'open-uri20160418-35934-k08ylj', 'image/jpeg', 11740, '2016-04-20 16:21:30', 5, NULL, NULL),
(168, 127, '2016-04-20 16:21:35', '2016-04-20 16:21:35', 'Fernando Martinez', 'Has liked your comment', 'open-uri20160418-35934-k08ylj', 'image/jpeg', 11740, '2016-04-20 16:21:35', 6, NULL, NULL),
(169, 127, '2016-04-20 16:22:07', '2016-04-20 16:22:07', 'Fernando Martinez', 'Has liked your comment', 'open-uri20160418-35934-k08ylj', 'image/jpeg', 11740, '2016-04-20 16:22:07', 6, NULL, NULL),
(170, 127, '2016-04-21 13:24:16', '2016-04-21 13:24:16', 'Fernando Martinez', 'Has liked your comment', 'open-uri20160418-35934-k08ylj', 'image/jpeg', 11740, '2016-04-21 13:24:16', 6, NULL, NULL),
(171, 127, '2016-04-21 13:24:19', '2016-04-21 13:24:19', 'Fernando Martinez', 'Has liked your comment', 'open-uri20160418-35934-k08ylj', 'image/jpeg', 11740, '2016-04-21 13:24:19', 6, NULL, NULL),
(172, 127, '2016-04-21 13:24:24', '2016-04-21 13:24:24', 'Fernando Martinez', 'Has liked your comment', 'open-uri20160418-35934-k08ylj', 'image/jpeg', 11740, '2016-04-21 13:24:24', 6, NULL, NULL),
(173, 2, '2016-04-22 01:16:10', '2016-04-22 01:16:10', 'Fernando Martinez', 'Has liked your post', 'open-uri20160418-35934-k08ylj', 'image/jpeg', 11740, '2016-04-22 01:16:10', 5, NULL, NULL),
(174, 127, '2016-04-22 01:20:59', '2016-04-22 01:20:59', 'Fernando Martinez', 'Has given you advice', 'open-uri20160418-35934-k08ylj', 'image/jpeg', 11740, '2016-04-22 01:20:59', 2, NULL, NULL),
(175, 127, '2016-04-22 01:49:59', '2016-04-22 01:49:59', 'Fernando Martinez', 'Has given you advice', 'open-uri20160418-35934-k08ylj', 'image/jpeg', 11740, '2016-04-22 01:49:59', 2, NULL, NULL),
(176, 2, '2016-04-22 22:26:09', '2016-04-22 22:26:09', 'Fernando Martinez', 'Is now following you', 'open-uri20160422-10219-13nrjwt', 'image/jpeg', 11740, '2016-04-22 22:26:09', 1, NULL, 133),
(177, 2, '2016-04-22 22:31:16', '2016-04-22 22:31:16', 'Fernando Martinez', 'Is now following you', 'open-uri20160422-10219-1iz6m3y', 'image/jpeg', 11740, '2016-04-22 22:31:16', 1, NULL, 134),
(178, 2, '2016-04-23 00:29:30', '2016-04-23 00:29:30', 'Fernando Martinez', 'Is now following you', 'open-uri20160422-10219-he2021', 'image/jpeg', 11740, '2016-04-23 00:29:30', 1, NULL, 140),
(179, 1, '2016-04-26 01:20:46', '2016-04-26 01:20:46', 'Fernando Martinez', 'Has liked your comment', 'open-uri20160422-10219-he2021', 'image/jpeg', 11740, '2016-04-26 01:20:46', 6, NULL, NULL),
(180, 1, '2016-04-26 01:34:42', '2016-04-26 01:34:42', 'Fernando Martinez', 'Has liked your post', 'open-uri20160422-10219-he2021', 'image/jpeg', 11740, '2016-04-26 01:34:42', 5, NULL, NULL),
(181, 1, '2016-04-26 01:34:46', '2016-04-26 01:34:46', 'Fernando Martinez', 'Has liked your post', 'open-uri20160422-10219-he2021', 'image/jpeg', 11740, '2016-04-26 01:34:45', 5, NULL, NULL),
(183, 140, '2016-04-26 03:16:44', '2016-04-26 03:16:44', 'Fernando Martinez', 'Has liked your comment', 'open-uri20160422-10219-he2021', 'image/jpeg', 11740, '2016-04-26 03:16:44', 6, NULL, NULL),
(184, 140, '2016-04-26 03:22:07', '2016-04-26 03:22:07', 'Fernando Martinez', 'Has liked your comment', 'open-uri20160422-10219-he2021', 'image/jpeg', 11740, '2016-04-26 03:22:07', 6, NULL, NULL),
(191, 140, '2016-04-26 04:09:30', '2016-04-26 04:09:30', 'Fernando3 Martinez3', 'Is now following you', 'nando_02.jpg', 'image/jpeg', 102296, '2016-04-26 04:09:29', 7, NULL, 4),
(192, 140, '2016-04-26 04:13:06', '2016-04-26 04:13:06', 'Fernando Martinez', 'Has endorsed you for resolutiva', 'open-uri20160422-10219-he2021', 'image/jpeg', 11740, '2016-04-26 04:13:06', 4, 3, 2),
(193, 2, '2016-04-26 16:09:13', '2016-04-26 16:09:13', 'Fernando Martinez', 'Has endorsed you for Versado', 'open-uri20160422-10219-he2021', 'image/jpeg', 11740, '2016-04-26 16:09:13', 4, 3, 140),
(194, 2, '2016-04-26 16:09:52', '2016-04-26 16:09:52', 'Fernando Martinez', 'Has endorsed you for honesto', 'open-uri20160422-10219-he2021', 'image/jpeg', 11740, '2016-04-26 16:09:52', 4, 3, 140),
(195, 140, '2016-04-27 00:23:36', '2016-04-27 00:23:36', 'Fernando Martinez', 'Has liked your comment', 'open-uri20160422-10219-he2021', 'image/jpeg', 11740, '2016-04-27 00:23:36', 6, NULL, NULL),
(196, 2, '2016-04-27 00:24:51', '2016-04-27 00:24:51', 'Fernando Martinez', 'Has liked your post', 'open-uri20160422-10219-he2021', 'image/jpeg', 11740, '2016-04-27 00:24:51', 5, NULL, NULL),
(197, 140, '2016-04-27 00:24:53', '2016-04-27 00:24:53', 'Fernando Martinez', 'Has liked your post', 'open-uri20160422-10219-he2021', 'image/jpeg', 11740, '2016-04-27 00:24:53', 5, NULL, NULL),
(198, 2, '2016-04-27 00:24:57', '2016-04-27 00:24:57', 'Fernando Martinez', 'Has liked your post', 'open-uri20160422-10219-he2021', 'image/jpeg', 11740, '2016-04-27 00:24:57', 5, NULL, NULL),
(199, 2, '2016-04-27 00:25:00', '2016-04-27 00:25:00', 'Fernando Martinez', 'Has liked your post', 'open-uri20160422-10219-he2021', 'image/jpeg', 11740, '2016-04-27 00:25:00', 5, NULL, NULL),
(200, 2, '2016-04-27 00:25:05', '2016-04-27 00:25:05', 'Fernando Martinez', 'Has liked your post', 'open-uri20160422-10219-he2021', 'image/jpeg', 11740, '2016-04-27 00:25:05', 5, NULL, NULL),
(201, 1, '2016-04-27 00:25:15', '2016-04-27 00:25:15', 'Fernando Martinez', 'Has liked your post', 'open-uri20160422-10219-he2021', 'image/jpeg', 11740, '2016-04-27 00:25:15', 5, NULL, NULL),
(202, 2, '2016-04-27 00:25:20', '2016-04-27 00:25:20', 'Fernando Martinez', 'Has liked your post', 'open-uri20160422-10219-he2021', 'image/jpeg', 11740, '2016-04-27 00:25:20', 5, NULL, NULL),
(203, 2, '2016-04-27 00:25:23', '2016-04-27 00:25:23', 'Fernando Martinez', 'Has liked your post', 'open-uri20160422-10219-he2021', 'image/jpeg', 11740, '2016-04-27 00:25:23', 5, NULL, NULL),
(210, 140, '2016-04-27 02:46:13', '2016-04-27 02:46:13', 'Fernando Martinez', 'Has given you advice', 'open-uri20160422-10219-he2021', 'image/jpeg', 11740, '2016-04-27 02:46:13', 2, NULL, 2),
(211, 2, '2016-04-27 02:51:39', '2016-04-27 02:51:39', 'Fernando Martinez', 'Has given you advice', 'open-uri20160422-10219-he2021', 'image/jpeg', 11740, '2016-04-27 02:51:39', 2, NULL, NULL),
(212, 2, '2016-04-27 02:55:37', '2016-04-27 02:55:37', 'Fernando Martinez', 'Has endorsed you for Versada', 'open-uri20160422-10219-he2021', 'image/jpeg', 11740, '2016-04-27 02:55:37', 4, 3, 140),
(213, 2, '2016-04-27 16:10:55', '2016-04-27 16:10:55', 'Fernando Martinez', 'Has endorsed you for tranquilizador', 'open-uri20160422-10219-he2021', 'image/jpeg', 11740, '2016-04-27 16:10:55', 4, 3, 140),
(214, 140, '2016-04-27 16:23:38', '2016-04-27 16:23:38', 'Fernando Martinez', 'Has liked your comment', 'open-uri20160422-10219-he2021', 'image/jpeg', 11740, '2016-04-27 16:23:38', 6, NULL, NULL),
(215, 140, '2016-04-27 16:25:29', '2016-04-27 16:25:29', 'Fernando Martinez', 'Has liked your post', 'open-uri20160422-10219-he2021', 'image/jpeg', 11740, '2016-04-27 16:25:28', 5, NULL, NULL),
(216, 140, '2016-04-27 21:04:15', '2016-04-27 21:04:15', 'Fernando1 Martinez1', 'Is now following you', 'nando_02.jpg', 'image/jpeg', 102296, '2016-04-27 21:04:15', 7, NULL, 2),
(219, 143, '2016-05-04 00:04:51', '2016-05-04 00:04:51', 'Fernando Martinez', 'Is now following you', 'open-uri20160428-20802-3vouf2', 'image/jpeg', 11740, '2016-05-04 00:04:51', 7, NULL, 141),
(220, 2, '2016-05-04 00:04:52', '2016-05-04 00:04:52', 'Fernando Martinez', 'Is now following you', 'open-uri20160428-20802-3vouf2', 'image/jpeg', 11740, '2016-05-04 00:04:51', 7, NULL, 141),
(222, 2, '2016-05-04 00:05:10', '2016-05-04 00:05:10', 'Fernando Martinez', 'Is now following you', 'open-uri20160428-20802-3vouf2', 'image/jpeg', 11740, '2016-05-04 00:05:10', 7, NULL, 141),
(226, 6, '2016-05-04 00:05:11', '2016-05-04 00:05:11', 'Fernando Martinez', 'Is now following you', 'open-uri20160428-20802-3vouf2', 'image/jpeg', 11740, '2016-05-04 00:05:11', 7, NULL, 141),
(227, 7, '2016-05-04 00:05:11', '2016-05-04 00:05:11', 'Fernando Martinez', 'Is now following you', 'open-uri20160428-20802-3vouf2', 'image/jpeg', 11740, '2016-05-04 00:05:11', 7, NULL, 141),
(228, 8, '2016-05-04 00:05:11', '2016-05-04 00:05:11', 'Fernando Martinez', 'Is now following you', 'open-uri20160428-20802-3vouf2', 'image/jpeg', 11740, '2016-05-04 00:05:11', 7, NULL, 141),
(229, 9, '2016-05-04 00:05:12', '2016-05-04 00:05:12', 'Fernando Martinez', 'Is now following you', 'open-uri20160428-20802-3vouf2', 'image/jpeg', 11740, '2016-05-04 00:05:12', 7, NULL, 141),
(230, 10, '2016-05-04 00:05:12', '2016-05-04 00:05:12', 'Fernando Martinez', 'Is now following you', 'open-uri20160428-20802-3vouf2', 'image/jpeg', 11740, '2016-05-04 00:05:12', 7, NULL, 141),
(231, 11, '2016-05-04 00:05:12', '2016-05-04 00:05:12', 'Fernando Martinez', 'Is now following you', 'open-uri20160428-20802-3vouf2', 'image/jpeg', 11740, '2016-05-04 00:05:12', 7, NULL, 141),
(232, 12, '2016-05-04 00:05:12', '2016-05-04 00:05:12', 'Fernando Martinez', 'Is now following you', 'open-uri20160428-20802-3vouf2', 'image/jpeg', 11740, '2016-05-04 00:05:12', 7, NULL, 141),
(233, 13, '2016-05-04 00:05:12', '2016-05-04 00:05:12', 'Fernando Martinez', 'Is now following you', 'open-uri20160428-20802-3vouf2', 'image/jpeg', 11740, '2016-05-04 00:05:12', 7, NULL, 141),
(234, 14, '2016-05-04 00:05:13', '2016-05-04 00:05:13', 'Fernando Martinez', 'Is now following you', 'open-uri20160428-20802-3vouf2', 'image/jpeg', 11740, '2016-05-04 00:05:12', 7, NULL, 141),
(235, 15, '2016-05-04 00:05:13', '2016-05-04 00:05:13', 'Fernando Martinez', 'Is now following you', 'open-uri20160428-20802-3vouf2', 'image/jpeg', 11740, '2016-05-04 00:05:13', 7, NULL, 141),
(236, 16, '2016-05-04 00:05:13', '2016-05-04 00:05:13', 'Fernando Martinez', 'Is now following you', 'open-uri20160428-20802-3vouf2', 'image/jpeg', 11740, '2016-05-04 00:05:13', 7, NULL, 141),
(237, 17, '2016-05-04 00:05:13', '2016-05-04 00:05:13', 'Fernando Martinez', 'Is now following you', 'open-uri20160428-20802-3vouf2', 'image/jpeg', 11740, '2016-05-04 00:05:13', 7, NULL, 141),
(238, 18, '2016-05-04 00:05:13', '2016-05-04 00:05:13', 'Fernando Martinez', 'Is now following you', 'open-uri20160428-20802-3vouf2', 'image/jpeg', 11740, '2016-05-04 00:05:13', 7, NULL, 141),
(239, 19, '2016-05-04 00:05:14', '2016-05-04 00:05:14', 'Fernando Martinez', 'Is now following you', 'open-uri20160428-20802-3vouf2', 'image/jpeg', 11740, '2016-05-04 00:05:13', 7, NULL, 141),
(240, 20, '2016-05-04 00:05:14', '2016-05-04 00:05:14', 'Fernando Martinez', 'Is now following you', 'open-uri20160428-20802-3vouf2', 'image/jpeg', 11740, '2016-05-04 00:05:14', 7, NULL, 141),
(241, 21, '2016-05-04 00:05:14', '2016-05-04 00:05:14', 'Fernando Martinez', 'Is now following you', 'open-uri20160428-20802-3vouf2', 'image/jpeg', 11740, '2016-05-04 00:05:14', 7, NULL, 141),
(242, 22, '2016-05-04 00:05:14', '2016-05-04 00:05:14', 'Fernando Martinez', 'Is now following you', 'open-uri20160428-20802-3vouf2', 'image/jpeg', 11740, '2016-05-04 00:05:14', 7, NULL, 141),
(243, 23, '2016-05-04 00:05:14', '2016-05-04 00:05:14', 'Fernando Martinez', 'Is now following you', 'open-uri20160428-20802-3vouf2', 'image/jpeg', 11740, '2016-05-04 00:05:14', 7, NULL, 141),
(244, 24, '2016-05-04 00:05:14', '2016-05-04 00:05:14', 'Fernando Martinez', 'Is now following you', 'open-uri20160428-20802-3vouf2', 'image/jpeg', 11740, '2016-05-04 00:05:14', 7, NULL, 141),
(245, 25, '2016-05-04 00:05:15', '2016-05-04 00:05:15', 'Fernando Martinez', 'Is now following you', 'open-uri20160428-20802-3vouf2', 'image/jpeg', 11740, '2016-05-04 00:05:15', 7, NULL, 141),
(246, 26, '2016-05-04 00:05:15', '2016-05-04 00:05:15', 'Fernando Martinez', 'Is now following you', 'open-uri20160428-20802-3vouf2', 'image/jpeg', 11740, '2016-05-04 00:05:15', 7, NULL, 141),
(247, 27, '2016-05-04 00:05:15', '2016-05-04 00:05:15', 'Fernando Martinez', 'Is now following you', 'open-uri20160428-20802-3vouf2', 'image/jpeg', 11740, '2016-05-04 00:05:15', 7, NULL, 141),
(248, 28, '2016-05-04 00:05:15', '2016-05-04 00:05:15', 'Fernando Martinez', 'Is now following you', 'open-uri20160428-20802-3vouf2', 'image/jpeg', 11740, '2016-05-04 00:05:15', 7, NULL, 141),
(249, 29, '2016-05-04 00:05:15', '2016-05-04 00:05:15', 'Fernando Martinez', 'Is now following you', 'open-uri20160428-20802-3vouf2', 'image/jpeg', 11740, '2016-05-04 00:05:15', 7, NULL, 141),
(250, 30, '2016-05-04 00:05:16', '2016-05-04 00:05:16', 'Fernando Martinez', 'Is now following you', 'open-uri20160428-20802-3vouf2', 'image/jpeg', 11740, '2016-05-04 00:05:15', 7, NULL, 141),
(251, 31, '2016-05-04 00:05:16', '2016-05-04 00:05:16', 'Fernando Martinez', 'Is now following you', 'open-uri20160428-20802-3vouf2', 'image/jpeg', 11740, '2016-05-04 00:05:16', 7, NULL, 141),
(252, 32, '2016-05-04 00:05:16', '2016-05-04 00:05:16', 'Fernando Martinez', 'Is now following you', 'open-uri20160428-20802-3vouf2', 'image/jpeg', 11740, '2016-05-04 00:05:16', 7, NULL, 141),
(253, 33, '2016-05-04 00:05:16', '2016-05-04 00:05:16', 'Fernando Martinez', 'Is now following you', 'open-uri20160428-20802-3vouf2', 'image/jpeg', 11740, '2016-05-04 00:05:16', 7, NULL, 141),
(254, 34, '2016-05-04 00:05:16', '2016-05-04 00:05:16', 'Fernando Martinez', 'Is now following you', 'open-uri20160428-20802-3vouf2', 'image/jpeg', 11740, '2016-05-04 00:05:16', 7, NULL, 141),
(255, 35, '2016-05-04 00:05:16', '2016-05-04 00:05:16', 'Fernando Martinez', 'Is now following you', 'open-uri20160428-20802-3vouf2', 'image/jpeg', 11740, '2016-05-04 00:05:16', 7, NULL, 141),
(256, 36, '2016-05-04 00:05:17', '2016-05-04 00:05:17', 'Fernando Martinez', 'Is now following you', 'open-uri20160428-20802-3vouf2', 'image/jpeg', 11740, '2016-05-04 00:05:17', 7, NULL, 141),
(257, 37, '2016-05-04 00:05:17', '2016-05-04 00:05:17', 'Fernando Martinez', 'Is now following you', 'open-uri20160428-20802-3vouf2', 'image/jpeg', 11740, '2016-05-04 00:05:17', 7, NULL, 141),
(258, 38, '2016-05-04 00:05:17', '2016-05-04 00:05:17', 'Fernando Martinez', 'Is now following you', 'open-uri20160428-20802-3vouf2', 'image/jpeg', 11740, '2016-05-04 00:05:17', 7, NULL, 141),
(259, 39, '2016-05-04 00:05:17', '2016-05-04 00:05:17', 'Fernando Martinez', 'Is now following you', 'open-uri20160428-20802-3vouf2', 'image/jpeg', 11740, '2016-05-04 00:05:17', 7, NULL, 141),
(260, 40, '2016-05-04 00:05:17', '2016-05-04 00:05:17', 'Fernando Martinez', 'Is now following you', 'open-uri20160428-20802-3vouf2', 'image/jpeg', 11740, '2016-05-04 00:05:17', 7, NULL, 141),
(261, 41, '2016-05-04 00:05:18', '2016-05-04 00:05:18', 'Fernando Martinez', 'Is now following you', 'open-uri20160428-20802-3vouf2', 'image/jpeg', 11740, '2016-05-04 00:05:18', 7, NULL, 141),
(262, 42, '2016-05-04 00:05:18', '2016-05-04 00:05:18', 'Fernando Martinez', 'Is now following you', 'open-uri20160428-20802-3vouf2', 'image/jpeg', 11740, '2016-05-04 00:05:18', 7, NULL, 141),
(263, 43, '2016-05-04 00:05:18', '2016-05-04 00:05:18', 'Fernando Martinez', 'Is now following you', 'open-uri20160428-20802-3vouf2', 'image/jpeg', 11740, '2016-05-04 00:05:18', 7, NULL, 141),
(264, 44, '2016-05-04 00:05:18', '2016-05-04 00:05:18', 'Fernando Martinez', 'Is now following you', 'open-uri20160428-20802-3vouf2', 'image/jpeg', 11740, '2016-05-04 00:05:18', 7, NULL, 141),
(265, 45, '2016-05-04 00:05:18', '2016-05-04 00:05:18', 'Fernando Martinez', 'Is now following you', 'open-uri20160428-20802-3vouf2', 'image/jpeg', 11740, '2016-05-04 00:05:18', 7, NULL, 141),
(266, 46, '2016-05-04 00:05:19', '2016-05-04 00:05:19', 'Fernando Martinez', 'Is now following you', 'open-uri20160428-20802-3vouf2', 'image/jpeg', 11740, '2016-05-04 00:05:18', 7, NULL, 141),
(267, 47, '2016-05-04 00:05:19', '2016-05-04 00:05:19', 'Fernando Martinez', 'Is now following you', 'open-uri20160428-20802-3vouf2', 'image/jpeg', 11740, '2016-05-04 00:05:19', 7, NULL, 141),
(268, 48, '2016-05-04 00:05:19', '2016-05-04 00:05:19', 'Fernando Martinez', 'Is now following you', 'open-uri20160428-20802-3vouf2', 'image/jpeg', 11740, '2016-05-04 00:05:19', 7, NULL, 141),
(269, 49, '2016-05-04 00:05:19', '2016-05-04 00:05:19', 'Fernando Martinez', 'Is now following you', 'open-uri20160428-20802-3vouf2', 'image/jpeg', 11740, '2016-05-04 00:05:19', 7, NULL, 141),
(270, 50, '2016-05-04 00:05:19', '2016-05-04 00:05:19', 'Fernando Martinez', 'Is now following you', 'open-uri20160428-20802-3vouf2', 'image/jpeg', 11740, '2016-05-04 00:05:19', 7, NULL, 141),
(271, 2, '2016-05-04 03:29:02', '2016-05-04 03:29:02', 'Fernando Martinez', 'Has liked your post', 'open-uri20160428-20802-3vouf2', 'image/jpeg', 11740, '2016-05-04 03:29:01', 5, NULL, NULL),
(276, 2, '2016-05-05 17:27:08', '2016-05-05 17:27:08', 'Fernando Martinez', 'Has endorsed you for fiel', 'open-uri20160428-20802-3vouf2', 'image/jpeg', 11740, '2016-05-05 17:27:07', 4, 3, 141),
(277, 2, '2016-05-05 17:28:58', '2016-05-05 17:28:58', 'Fernando Martinez', 'Has endorsed you for sincero', 'open-uri20160428-20802-3vouf2', 'image/jpeg', 11740, '2016-05-05 17:28:57', 4, 3, 141),
(278, 2, '2016-05-05 17:29:26', '2016-05-05 17:29:26', 'Fernando Martinez', 'Has endorsed you for conciliador', 'open-uri20160428-20802-3vouf2', 'image/jpeg', 11740, '2016-05-05 17:29:25', 4, 3, 141),
(279, 2, '2016-05-05 17:29:39', '2016-05-05 17:29:39', 'Fernando Martinez', 'Has endorsed you for realista', 'open-uri20160428-20802-3vouf2', 'image/jpeg', 11740, '2016-05-05 17:29:39', 4, 3, 141),
(280, 2, '2016-05-05 17:31:08', '2016-05-05 17:31:08', 'Fernando Martinez', 'Has endorsed you for sincera', 'open-uri20160428-20802-3vouf2', 'image/jpeg', 11740, '2016-05-05 17:31:08', 4, 3, 141),
(281, 2, '2016-05-05 17:46:42', '2016-05-05 17:46:42', 'Fernando Martinez', 'Has endorsed you for realista', 'open-uri20160428-20802-3vouf2', 'image/jpeg', 11740, '2016-05-05 17:46:42', 4, 3, 141),
(284, 2, '2016-05-05 17:49:31', '2016-05-05 17:49:31', 'Fernando Martinez', 'Has endorsed you for creativo', 'open-uri20160428-20802-3vouf2', 'image/jpeg', 11740, '2016-05-05 17:49:31', 4, 3, 141),
(285, 2, '2016-05-05 17:50:48', '2016-05-05 17:50:48', 'Fernando Martinez', 'Has endorsed you for detallista', 'open-uri20160428-20802-3vouf2', 'image/jpeg', 11740, '2016-05-05 17:50:48', 4, 3, 141),
(286, 2, '2016-05-05 17:51:21', '2016-05-05 17:51:21', 'Fernando Martinez', 'Has endorsed you for confidente', 'open-uri20160428-20802-3vouf2', 'image/jpeg', 11740, '2016-05-05 17:51:20', 4, 3, 141),
(288, 2, '2016-05-05 17:53:07', '2016-05-05 17:53:07', 'Fernando Martinez', 'Has endorsed you for realista', 'open-uri20160428-20802-3vouf2', 'image/jpeg', 11740, '2016-05-05 17:53:06', 4, 3, 141),
(298, 2, '2016-05-05 19:32:17', '2016-05-05 19:32:17', 'Fernando Martinez', 'Has given you advice', 'open-uri20160428-20802-3vouf2', 'image/jpeg', 11740, '2016-05-05 19:32:17', 2, NULL, NULL),
(300, 2, '2016-05-05 19:53:14', '2016-05-05 19:53:14', 'Fernando Martinez', 'Has given you advice', 'open-uri20160428-20802-3vouf2', 'image/jpeg', 11740, '2016-05-05 19:53:14', 2, NULL, NULL),
(301, 2, '2016-05-05 21:05:50', '2016-05-05 21:05:50', 'Fernando Martinez', 'Has given you advice', 'open-uri20160428-20802-3vouf2', 'image/jpeg', 11740, '2016-05-05 21:05:50', 2, NULL, NULL),
(302, 2, '2016-05-05 21:10:47', '2016-05-05 21:10:47', 'Fernando Martinez', 'Has given you advice', 'open-uri20160428-20802-3vouf2', 'image/jpeg', 11740, '2016-05-05 21:10:46', 2, NULL, NULL),
(303, 2, '2016-05-05 21:11:19', '2016-05-05 21:11:19', 'Fernando Martinez', 'Has given you advice', 'open-uri20160428-20802-3vouf2', 'image/jpeg', 11740, '2016-05-05 21:11:18', 2, NULL, NULL),
(304, 2, '2016-05-05 21:18:29', '2016-05-05 21:18:29', 'Fernando Martinez', 'Has given you advice', 'open-uri20160428-20802-3vouf2', 'image/jpeg', 11740, '2016-05-05 21:18:28', 2, NULL, NULL),
(305, 2, '2016-05-05 21:28:05', '2016-05-05 21:28:05', 'Fernando Martinez', 'Has given you advice', 'open-uri20160428-20802-3vouf2', 'image/jpeg', 11740, '2016-05-05 21:28:05', 2, NULL, NULL),
(306, 2, '2016-05-05 21:29:12', '2016-05-05 21:29:12', 'Fernando Martinez', 'Has given you advice', 'open-uri20160428-20802-3vouf2', 'image/jpeg', 11740, '2016-05-05 21:29:12', 2, NULL, NULL),
(307, 2, '2016-05-05 21:33:16', '2016-05-05 21:33:16', 'Fernando Martinez', 'Has given you advice', 'open-uri20160428-20802-3vouf2', 'image/jpeg', 11740, '2016-05-05 21:33:16', 2, NULL, NULL),
(308, 2, '2016-05-05 21:33:36', '2016-05-05 21:33:36', 'Fernando Martinez', 'Has given you advice', 'open-uri20160428-20802-3vouf2', 'image/jpeg', 11740, '2016-05-05 21:33:36', 2, NULL, NULL),
(309, 2, '2016-05-05 21:35:31', '2016-05-05 21:35:31', 'Fernando Martinez', 'Has given you advice', 'open-uri20160428-20802-3vouf2', 'image/jpeg', 11740, '2016-05-05 21:35:31', 2, NULL, NULL),
(310, 2, '2016-05-05 21:37:11', '2016-05-05 21:37:11', 'Fernando Martinez', 'Has given you advice', 'open-uri20160428-20802-3vouf2', 'image/jpeg', 11740, '2016-05-05 21:37:10', 2, NULL, NULL),
(311, 2, '2016-05-05 21:39:49', '2016-05-05 21:39:49', 'Fernando Martinez', 'Has given you advice', 'open-uri20160428-20802-3vouf2', 'image/jpeg', 11740, '2016-05-05 21:39:49', 2, NULL, NULL),
(312, 2, '2016-05-05 21:40:04', '2016-05-05 21:40:04', 'Fernando Martinez', 'Has given you advice', 'open-uri20160428-20802-3vouf2', 'image/jpeg', 11740, '2016-05-05 21:40:04', 2, NULL, NULL),
(313, 2, '2016-05-05 21:40:49', '2016-05-05 21:40:49', 'Fernando Martinez', 'Has given you advice', 'open-uri20160428-20802-3vouf2', 'image/jpeg', 11740, '2016-05-05 21:40:49', 2, NULL, NULL),
(314, 2, '2016-05-05 21:41:07', '2016-05-05 21:41:07', 'Fernando Martinez', 'Has given you advice', 'open-uri20160428-20802-3vouf2', 'image/jpeg', 11740, '2016-05-05 21:41:07', 2, NULL, NULL),
(315, 2, '2016-05-05 21:41:17', '2016-05-05 21:41:17', 'Fernando Martinez', 'Has given you advice', 'open-uri20160428-20802-3vouf2', 'image/jpeg', 11740, '2016-05-05 21:41:17', 2, NULL, NULL),
(316, 2, '2016-05-05 21:49:27', '2016-05-05 21:49:27', 'Fernando Martinez', 'Has given you advice', 'open-uri20160428-20802-3vouf2', 'image/jpeg', 11740, '2016-05-05 21:49:26', 2, NULL, NULL),
(317, 2, '2016-05-05 21:53:09', '2016-05-05 21:53:09', 'Fernando Martinez', 'Has given you advice', 'open-uri20160428-20802-3vouf2', 'image/jpeg', 11740, '2016-05-05 21:53:09', 2, NULL, NULL),
(318, 2, '2016-05-05 21:56:43', '2016-05-05 21:56:43', 'Fernando Martinez', 'Has given you advice', 'open-uri20160428-20802-3vouf2', 'image/jpeg', 11740, '2016-05-05 21:56:43', 2, NULL, NULL),
(319, 2, '2016-05-05 21:59:29', '2016-05-05 21:59:29', 'Fernando Martinez', 'Has given you advice', 'open-uri20160428-20802-3vouf2', 'image/jpeg', 11740, '2016-05-05 21:59:29', 2, NULL, NULL),
(320, 2, '2016-05-05 21:59:50', '2016-05-05 21:59:50', 'Fernando Martinez', 'Has given you advice', 'open-uri20160428-20802-3vouf2', 'image/jpeg', 11740, '2016-05-05 21:59:50', 2, NULL, NULL),
(321, 2, '2016-05-05 22:00:05', '2016-05-05 22:00:05', 'Fernando Martinez', 'Has given you advice', 'open-uri20160428-20802-3vouf2', 'image/jpeg', 11740, '2016-05-05 22:00:05', 2, NULL, NULL),
(322, 2, '2016-05-05 22:15:16', '2016-05-05 22:15:16', 'Fernando Martinez', 'Has given you advice', 'open-uri20160428-20802-3vouf2', 'image/jpeg', 11740, '2016-05-05 22:15:15', 2, NULL, NULL),
(323, 2, '2016-05-05 22:15:35', '2016-05-05 22:15:35', 'Fernando Martinez', 'Has given you advice', 'open-uri20160428-20802-3vouf2', 'image/jpeg', 11740, '2016-05-05 22:15:35', 2, NULL, NULL),
(324, 2, '2016-05-05 22:15:48', '2016-05-05 22:15:48', 'Fernando Martinez', 'Has given you advice', 'open-uri20160428-20802-3vouf2', 'image/jpeg', 11740, '2016-05-05 22:15:48', 2, NULL, NULL),
(325, 2, '2016-05-05 22:18:32', '2016-05-05 22:18:32', 'Fernando Martinez', 'Has endorsed you for imaginativa', 'open-uri20160428-20802-3vouf2', 'image/jpeg', 11740, '2016-05-05 22:18:32', 4, 3, 141),
(326, 155, '2016-05-05 22:19:16', '2016-05-05 22:19:16', 'Fernando Martinez', 'Has given you advice', 'open-uri20160428-20802-3vouf2', 'image/jpeg', 11740, '2016-05-05 22:19:16', 7, 3, 2),
(327, 143, '2016-05-05 22:19:22', '2016-05-05 22:19:22', 'Fernando Martinez', 'Has endorsed you for honesta', 'open-uri20160428-20802-3vouf2', 'image/jpeg', 11740, '2016-05-05 22:19:22', 4, 3, 141),
(328, 143, '2016-05-05 22:20:14', '2016-05-05 22:20:14', 'Fernando Martinez', 'Has endorsed you for sincero', 'open-uri20160428-20802-3vouf2', 'image/jpeg', 11740, '2016-05-05 22:20:14', 4, 3, 141),
(329, 143, '2016-05-05 22:25:02', '2016-05-05 22:25:02', 'Fernando Martinez', 'Has endorsed you for eficáz', 'open-uri20160428-20802-3vouf2', 'image/jpeg', 11740, '2016-05-05 22:25:02', 4, 3, 141),
(330, 5, '2016-05-05 22:54:10', '2016-05-05 22:54:10', 'Fernando Martinez', 'Wants to follow you', 'open-uri20160428-20802-3vouf2', 'image/jpeg', 11740, '2016-05-05 22:54:10', 1, NULL, 141),
(334, 2, '2016-05-07 13:07:00', '2016-05-07 13:07:00', 'Fernando Martinez', 'Has endorsed you for realista', 'open-uri20160507-88523-hgt4nx', 'image/jpeg', 11740, '2016-05-07 13:07:00', 4, 3, 155),
(335, 2, '2016-05-07 13:08:03', '2016-05-07 13:08:03', 'Fernando Martinez', 'Has given you advice', 'open-uri20160507-88523-hgt4nx', 'image/jpeg', 11740, '2016-05-07 13:08:03', 2, NULL, NULL),
(336, 2, '2016-05-07 13:08:42', '2016-05-07 13:08:42', 'Fernando Martinez', 'Has endorsed you for honrado', 'open-uri20160507-88523-hgt4nx', 'image/jpeg', 11740, '2016-05-07 13:08:42', 4, 3, 155),
(337, 1, '2016-05-07 14:27:06', '2016-05-07 14:27:06', 'Fernando Martinez', 'Wants to follow you', 'open-uri20160507-88523-hgt4nx', 'image/jpeg', 11740, '2016-05-07 14:27:06', 1, NULL, 155),
(338, 5, '2016-05-07 15:12:42', '2016-05-07 15:12:42', 'Fernando Martinez', 'Wants to follow you', 'open-uri20160507-88523-hgt4nx', 'image/jpeg', 11740, '2016-05-07 15:12:42', 1, NULL, 155),
(339, 5, '2016-05-07 15:13:05', '2016-05-07 15:13:05', 'Fernando Martinez', 'Wants to follow you', 'open-uri20160507-88523-hgt4nx', 'image/jpeg', 11740, '2016-05-07 15:13:05', 1, NULL, 155),
(340, 3, '2016-05-07 19:06:34', '2016-05-07 19:06:34', 'Fernando Martinez', 'Wants to follow you', 'open-uri20160507-88523-hgt4nx', 'image/jpeg', 11740, '2016-05-07 19:06:33', 1, NULL, 155),
(341, 155, '2016-05-09 14:21:37', '2016-05-09 14:21:37', 'Fernando Martinez', 'Has liked your comment', 'open-uri20160507-88523-hgt4nx', 'image/jpeg', 11740, '2016-05-09 14:21:37', 6, NULL, NULL);

-- --------------------------------------------------------

--
-- Table structure for table `posts`
--

DROP TABLE IF EXISTS `posts`;
CREATE TABLE `posts` (
  `id` int(11) NOT NULL,
  `user_id` int(11) DEFAULT NULL,
  `created_at` datetime NOT NULL,
  `updated_at` datetime NOT NULL,
  `title` varchar(255) COLLATE utf8_unicode_ci DEFAULT NULL,
  `subtitle` varchar(255) COLLATE utf8_unicode_ci DEFAULT NULL,
  `image_file_name` varchar(255) COLLATE utf8_unicode_ci DEFAULT NULL,
  `image_content_type` varchar(255) COLLATE utf8_unicode_ci DEFAULT NULL,
  `image_file_size` int(11) DEFAULT NULL,
  `image_updated_at` datetime DEFAULT NULL,
  `post_type` int(11) DEFAULT NULL,
  `shared_post` tinyint(1) DEFAULT NULL,
  `person_sharing` varchar(255) COLLATE utf8_unicode_ci DEFAULT NULL,
  `person_sharing_id` int(11) DEFAULT NULL,
  `follower_id` int(11) DEFAULT NULL,
  `original_owner_id` int(11) DEFAULT NULL,
  `original_owner_name` varchar(255) COLLATE utf8_unicode_ci DEFAULT NULL
) ENGINE=InnoDB DEFAULT CHARSET=utf8 COLLATE=utf8_unicode_ci;

--
-- Dumping data for table `posts`
--

INSERT INTO `posts` (`id`, `user_id`, `created_at`, `updated_at`, `title`, `subtitle`, `image_file_name`, `image_content_type`, `image_file_size`, `image_updated_at`, `post_type`, `shared_post`, `person_sharing`, `person_sharing_id`, `follower_id`, `original_owner_id`, `original_owner_name`) VALUES
(1, 1, '2016-04-03 12:59:07', '2016-04-03 12:59:07', 'Title User number 0', 'Subtitle kind of action number 0', 'nando_02.jpg', 'image/jpeg', 102296, '2016-04-03 12:59:07', 2, 0, NULL, NULL, 2, NULL, NULL),
(2, 1, '2016-04-03 12:59:07', '2016-04-03 12:59:07', 'Title User number 1', 'Subtitle kind of action number 1', 'nando_02.jpg', 'image/jpeg', 102296, '2016-04-03 12:59:07', 2, 0, NULL, NULL, 2, NULL, NULL),
(3, 1, '2016-04-03 12:59:07', '2016-04-03 12:59:07', 'Title User number 2', 'Subtitle kind of action number 2', 'nando_02.jpg', 'image/jpeg', 102296, '2016-04-03 12:59:07', 2, 0, NULL, NULL, 2, NULL, NULL),
(4, 1, '2016-04-03 12:59:08', '2016-04-03 12:59:08', 'Title User number 3', 'Subtitle kind of action number 3', 'nando_02.jpg', 'image/jpeg', 102296, '2016-04-03 12:59:07', 2, 0, NULL, NULL, 2, NULL, NULL),
(5, 1, '2016-04-03 12:59:08', '2016-04-03 12:59:08', 'Title User number 4', 'Subtitle kind of action number 4', 'nando_02.jpg', 'image/jpeg', 102296, '2016-04-03 12:59:08', 2, 0, NULL, NULL, 2, NULL, NULL),
(6, 1, '2016-04-03 12:59:08', '2016-04-03 12:59:08', 'Title User number 5', 'Subtitle kind of action number 5', 'nando_02.jpg', 'image/jpeg', 102296, '2016-04-03 12:59:08', 2, 0, NULL, NULL, 2, NULL, NULL),
(7, 1, '2016-04-03 12:59:08', '2016-04-03 12:59:08', 'Title User number 6', 'Subtitle kind of action number 6', 'nando_02.jpg', 'image/jpeg', 102296, '2016-04-03 12:59:08', 2, 0, NULL, NULL, 2, NULL, NULL),
(8, 1, '2016-04-03 12:59:08', '2016-04-03 12:59:08', 'Title User number 7', 'Subtitle kind of action number 7', 'nando_02.jpg', 'image/jpeg', 102296, '2016-04-03 12:59:08', 2, 0, NULL, NULL, 2, NULL, NULL),
(9, 1, '2016-04-03 12:59:09', '2016-04-03 12:59:09', 'Title User number 8', 'Subtitle kind of action number 8', 'nando_02.jpg', 'image/jpeg', 102296, '2016-04-03 12:59:08', 2, 0, NULL, NULL, 2, NULL, NULL),
(10, 1, '2016-04-03 12:59:09', '2016-04-03 12:59:09', 'Title User number 9', 'Subtitle kind of action number 9', 'nando_02.jpg', 'image/jpeg', 102296, '2016-04-03 12:59:09', 2, 0, NULL, NULL, 2, NULL, NULL),
(11, 1, '2016-04-03 12:59:09', '2016-04-03 12:59:09', 'Title User number 10', 'Subtitle kind of action number 10', 'nando_02.jpg', 'image/jpeg', 102296, '2016-04-03 12:59:09', 2, 0, NULL, NULL, 2, NULL, NULL),
(12, 2, '2016-04-03 12:59:26', '2016-04-03 12:59:26', 'Original Writer FM', 'Subtitle kind of action number 0', 'nando_02.jpg', 'image/jpeg', 102296, '2016-04-03 12:59:26', 2, 1, 'Usuario Numero2', 127, 2, 127, NULL),
(13, 2, '2016-04-03 12:59:26', '2016-04-03 12:59:26', 'Title User number 1', 'Subtitle kind of action number 1', 'nando_02.jpg', 'image/jpeg', 102296, '2016-04-03 12:59:26', 2, 0, NULL, NULL, 2, NULL, NULL),
(14, 2, '2016-04-03 12:59:27', '2016-04-03 12:59:27', 'Title User number 2', 'Subtitle kind of action number 2', 'nando_02.jpg', 'image/jpeg', 102296, '2016-04-03 12:59:26', 2, 0, NULL, NULL, 2, NULL, NULL),
(15, 2, '2016-04-03 12:59:27', '2016-04-03 12:59:27', 'Title User number 3', 'Subtitle kind of action number 3', 'nando_02.jpg', 'image/jpeg', 102296, '2016-04-03 12:59:27', 2, 0, NULL, NULL, 2, NULL, NULL),
(16, 2, '2016-04-03 12:59:27', '2016-04-03 12:59:27', 'Title User number 4', 'Subtitle kind of action number 4', 'nando_02.jpg', 'image/jpeg', 102296, '2016-04-03 12:59:27', 2, 0, NULL, NULL, 2, NULL, NULL),
(17, 2, '2016-04-03 12:59:27', '2016-04-03 12:59:27', 'Title User number 5', 'Subtitle kind of action number 5', 'nando_02.jpg', 'image/jpeg', 102296, '2016-04-03 12:59:27', 2, 0, NULL, NULL, 2, NULL, NULL),
(18, 2, '2016-04-03 12:59:27', '2016-04-03 12:59:27', 'Title User number 6', 'Subtitle kind of action number 6', 'nando_02.jpg', 'image/jpeg', 102296, '2016-04-03 12:59:27', 2, 0, NULL, NULL, 2, NULL, NULL),
(19, 2, '2016-04-03 12:59:27', '2016-04-03 12:59:27', 'Title User number 7', 'Subtitle kind of action number 7', 'nando_02.jpg', 'image/jpeg', 102296, '2016-04-03 12:59:27', 2, 0, NULL, NULL, 2, NULL, NULL),
(20, 2, '2016-04-03 12:59:28', '2016-04-03 12:59:28', 'Title User number 8', 'Subtitle kind of action number 8', 'nando_02.jpg', 'image/jpeg', 102296, '2016-04-03 12:59:27', 2, 0, NULL, NULL, 2, NULL, NULL),
(21, 2, '2016-04-03 12:59:28', '2016-04-03 12:59:28', 'Title User number 9', 'Subtitle kind of action number 9', 'nando_02.jpg', 'image/jpeg', 102296, '2016-04-03 12:59:28', 2, 0, NULL, NULL, 2, NULL, NULL),
(22, 2, '2016-04-03 12:59:28', '2016-04-03 12:59:28', 'Title User number 10', 'Subtitle kind of action number 10', 'nando_02.jpg', 'image/jpeg', 102296, '2016-04-03 12:59:28', 2, 0, NULL, NULL, 2, NULL, NULL),
(23, 3, '2016-04-03 12:59:39', '2016-04-03 12:59:39', 'Title User number 0', 'Subtitle kind of action number 0', 'nando_02.jpg', 'image/jpeg', 102296, '2016-04-03 12:59:39', 2, 0, NULL, NULL, 2, NULL, NULL),
(24, 3, '2016-04-03 12:59:39', '2016-04-03 12:59:39', 'Title User number 1', 'Subtitle kind of action number 1', 'nando_02.jpg', 'image/jpeg', 102296, '2016-04-03 12:59:39', 2, 0, NULL, NULL, 2, NULL, NULL),
(25, 3, '2016-04-03 12:59:40', '2016-04-03 12:59:40', 'Title User number 2', 'Subtitle kind of action number 2', 'nando_02.jpg', 'image/jpeg', 102296, '2016-04-03 12:59:40', 2, 0, NULL, NULL, 2, NULL, NULL),
(26, 3, '2016-04-03 12:59:40', '2016-04-03 12:59:40', 'Title User number 3', 'Subtitle kind of action number 3', 'nando_02.jpg', 'image/jpeg', 102296, '2016-04-03 12:59:40', 2, 0, NULL, NULL, 2, NULL, NULL),
(27, 3, '2016-04-03 12:59:40', '2016-04-03 12:59:40', 'Title User number 4', 'Subtitle kind of action number 4', 'nando_02.jpg', 'image/jpeg', 102296, '2016-04-03 12:59:40', 2, 0, NULL, NULL, 2, NULL, NULL),
(28, 3, '2016-04-03 12:59:40', '2016-04-03 12:59:40', 'Title User number 5', 'Subtitle kind of action number 5', 'nando_02.jpg', 'image/jpeg', 102296, '2016-04-03 12:59:40', 2, 0, NULL, NULL, 2, NULL, NULL),
(29, 3, '2016-04-03 12:59:40', '2016-04-03 12:59:40', 'Title User number 6', 'Subtitle kind of action number 6', 'nando_02.jpg', 'image/jpeg', 102296, '2016-04-03 12:59:40', 2, 0, NULL, NULL, 2, NULL, NULL),
(30, 3, '2016-04-03 12:59:41', '2016-04-03 12:59:41', 'Title User number 7', 'Subtitle kind of action number 7', 'nando_02.jpg', 'image/jpeg', 102296, '2016-04-03 12:59:40', 2, 0, NULL, NULL, 2, NULL, NULL),
(31, 3, '2016-04-03 12:59:41', '2016-04-03 12:59:41', 'Title User number 8', 'Subtitle kind of action number 8', 'nando_02.jpg', 'image/jpeg', 102296, '2016-04-03 12:59:41', 2, 0, NULL, NULL, 2, NULL, NULL),
(32, 3, '2016-04-03 12:59:41', '2016-04-03 12:59:41', 'Title User number 9', 'Subtitle kind of action number 9', 'nando_02.jpg', 'image/jpeg', 102296, '2016-04-03 12:59:41', 2, 0, NULL, NULL, 2, NULL, NULL),
(33, 3, '2016-04-03 12:59:41', '2016-04-03 12:59:41', 'Title User number 10', 'Subtitle kind of action number 10', 'nando_02.jpg', 'image/jpeg', 102296, '2016-04-03 12:59:41', 2, 0, NULL, NULL, 2, NULL, NULL),
(34, 4, '2016-04-03 12:59:49', '2016-04-03 12:59:49', 'Title User number 0', 'Subtitle kind of action number 0', 'nando_02.jpg', 'image/jpeg', 102296, '2016-04-03 12:59:49', 2, 0, NULL, NULL, 2, NULL, NULL),
(35, 4, '2016-04-03 12:59:50', '2016-04-03 12:59:50', 'Title User number 1', 'Subtitle kind of action number 1', 'nando_02.jpg', 'image/jpeg', 102296, '2016-04-03 12:59:49', 2, 0, NULL, NULL, 2, NULL, NULL),
(36, 4, '2016-04-03 12:59:50', '2016-04-03 12:59:50', 'Title User number 2', 'Subtitle kind of action number 2', 'nando_02.jpg', 'image/jpeg', 102296, '2016-04-03 12:59:50', 2, 0, NULL, NULL, 2, NULL, NULL),
(37, 4, '2016-04-03 12:59:50', '2016-04-03 12:59:50', 'Title User number 3', 'Subtitle kind of action number 3', 'nando_02.jpg', 'image/jpeg', 102296, '2016-04-03 12:59:50', 2, 0, NULL, NULL, 2, NULL, NULL),
(38, 4, '2016-04-03 12:59:50', '2016-04-03 12:59:50', 'Title User number 4', 'Subtitle kind of action number 4', 'nando_02.jpg', 'image/jpeg', 102296, '2016-04-03 12:59:50', 2, 0, NULL, NULL, 2, NULL, NULL),
(39, 4, '2016-04-03 12:59:50', '2016-04-03 12:59:50', 'Title User number 5', 'Subtitle kind of action number 5', 'nando_02.jpg', 'image/jpeg', 102296, '2016-04-03 12:59:50', 2, 0, NULL, NULL, 2, NULL, NULL),
(40, 4, '2016-04-03 12:59:51', '2016-04-03 12:59:51', 'Title User number 6', 'Subtitle kind of action number 6', 'nando_02.jpg', 'image/jpeg', 102296, '2016-04-03 12:59:50', 2, 0, NULL, NULL, 2, NULL, NULL),
(41, 4, '2016-04-03 12:59:51', '2016-04-03 12:59:51', 'Title User number 7', 'Subtitle kind of action number 7', 'nando_02.jpg', 'image/jpeg', 102296, '2016-04-03 12:59:51', 2, 0, NULL, NULL, 2, NULL, NULL),
(42, 4, '2016-04-03 12:59:51', '2016-04-03 12:59:51', 'Title User number 8', 'Subtitle kind of action number 8', 'nando_02.jpg', 'image/jpeg', 102296, '2016-04-03 12:59:51', 2, 0, NULL, NULL, 2, NULL, NULL),
(43, 4, '2016-04-03 12:59:51', '2016-04-03 20:40:09', 'Title User number 9', 'Subtitle kind of action number 9', 'nando_02.jpg', 'image/jpeg', 102296, '2016-04-03 12:59:51', 2, 1, 'Fernando2 Martinez2', 3, 2, NULL, NULL),
(44, 4, '2016-04-03 12:59:51', '2016-04-03 20:34:42', 'Title User number 10', 'Subtitle kind of action number 10', 'nando_02.jpg', 'image/jpeg', 102296, '2016-04-03 12:59:51', 2, 1, 'Fernando0 Martinez0', 1, 2, NULL, NULL),
(45, 4, '2016-04-03 20:44:37', '2016-04-03 20:44:37', 'Title User number 8', 'Subtitle kind of action number 8', 'nando_02.jpg', 'image/jpeg', 102296, NULL, 2, 1, 'Fernando2 Martinez2', 3, 2, NULL, NULL),
(46, 2, '2016-04-04 20:05:54', '2016-04-04 20:05:54', 'user 2 escribio esto', 'user 2 subtitle', NULL, NULL, NULL, NULL, NULL, NULL, NULL, NULL, 2, NULL, NULL),
(47, 2, '2016-04-04 21:59:00', '2016-04-04 21:59:00', 'user 2 escribio esto', 'user 2 subtitle', NULL, NULL, NULL, NULL, NULL, 1, 'Fernando0 Martinez0', 1, 2, NULL, NULL),
(48, 2, '2016-04-04 22:01:24', '2016-04-04 22:01:24', 'user 2 escribio esto', 'user 2 subtitle', NULL, NULL, NULL, NULL, NULL, 1, 'Fernando9 Martinez9', 10, 2, NULL, NULL),
(49, 2, '2016-04-15 02:48:52', '2016-04-15 02:48:52', 'Title User number 0', 'Subtitle kind of action number 0', 'nando_02.jpg', 'image/jpeg', 102296, '2016-04-03 12:59:26', 2, 1, 'Fernando0 Martinez0', 1, 2, NULL, NULL),
(50, 2, '2016-04-15 02:48:52', '2016-04-15 02:48:52', 'Title User number 1', 'Subtitle kind of action number 1', 'nando_02.jpg', 'image/jpeg', 102296, '2016-04-03 12:59:26', 2, 1, 'Fernando0 Martinez0', 1, 2, NULL, NULL),
(51, 2, '2016-04-15 02:48:52', '2016-04-15 02:48:52', 'Title User number 2', 'Subtitle kind of action number 2', 'nando_02.jpg', 'image/jpeg', 102296, '2016-04-03 12:59:26', 2, 1, 'Fernando0 Martinez0', 1, 2, NULL, NULL),
(52, 2, '2016-04-15 02:48:52', '2016-04-15 02:48:52', 'Title User number 3', 'Subtitle kind of action number 3', 'nando_02.jpg', 'image/jpeg', 102296, '2016-04-03 12:59:27', 2, 1, 'Fernando0 Martinez0', 1, 2, NULL, NULL),
(53, 2, '2016-04-15 02:48:52', '2016-04-15 02:48:52', 'Title User number 4', 'Subtitle kind of action number 4', 'nando_02.jpg', 'image/jpeg', 102296, '2016-04-03 12:59:27', 2, 1, 'Fernando0 Martinez0', 1, 2, NULL, NULL),
(54, 2, '2016-04-15 02:48:52', '2016-04-15 02:48:52', 'Title User number 5', 'Subtitle kind of action number 5', 'nando_02.jpg', 'image/jpeg', 102296, '2016-04-03 12:59:27', 2, 1, 'Fernando0 Martinez0', 1, 2, NULL, NULL),
(55, 2, '2016-04-15 02:48:52', '2016-04-15 02:48:52', 'Title User number 6', 'Subtitle kind of action number 6', 'nando_02.jpg', 'image/jpeg', 102296, '2016-04-03 12:59:27', 2, 1, 'Fernando0 Martinez0', 1, 2, NULL, NULL),
(56, 2, '2016-04-15 02:48:52', '2016-04-15 02:48:52', 'Title User number 7', 'Subtitle kind of action number 7', 'nando_02.jpg', 'image/jpeg', 102296, '2016-04-03 12:59:27', 2, 1, 'Fernando0 Martinez0', 1, 2, NULL, NULL),
(57, 2, '2016-04-15 02:48:52', '2016-04-15 02:48:52', 'Title User number 8', 'Subtitle kind of action number 8', 'nando_02.jpg', 'image/jpeg', 102296, '2016-04-03 12:59:27', 2, 1, 'Fernando0 Martinez0', 1, 2, NULL, NULL),
(58, 2, '2016-04-15 02:48:52', '2016-04-15 02:48:52', 'Title User number 9', 'Subtitle kind of action number 9', 'nando_02.jpg', 'image/jpeg', 102296, '2016-04-03 12:59:28', 2, 1, 'Fernando0 Martinez0', 1, 2, NULL, NULL),
(59, 2, '2016-04-15 02:52:43', '2016-04-15 02:52:43', 'Title User number 0', 'Subtitle kind of action number 0', 'nando_02.jpg', 'image/jpeg', 102296, '2016-04-03 12:59:26', 2, 1, 'Fernando0 Martinez0', 1, 2, NULL, NULL),
(60, 2, '2016-04-15 23:33:30', '2016-04-15 23:33:30', 'Title User number 0', 'Subtitle kind of action number 0', 'nando_02.jpg', 'image/jpeg', 102296, '2016-04-03 12:59:26', 2, 1, 'Fernando0 Martinez0', 1, 2, NULL, NULL),
(61, 2, '2016-04-15 23:38:44', '2016-04-15 23:38:44', 'Title User number 0', 'Subtitle kind of action number 0', 'nando_02.jpg', 'image/jpeg', 102296, '2016-04-03 12:59:26', 2, 1, 'Fernando0 Martinez0', 1, 2, NULL, NULL),
(62, 2, '2016-04-15 23:40:13', '2016-04-15 23:40:13', 'Title User number 0', 'Subtitle kind of action number 0', 'nando_02.jpg', 'image/jpeg', 102296, '2016-04-03 12:59:26', 2, 1, 'Fernando0 Martinez0', 1, 2, NULL, NULL),
(63, 2, '2016-04-15 23:40:13', '2016-04-15 23:40:13', 'Title User number 0', 'Subtitle kind of action number 0', 'nando_02.jpg', 'image/jpeg', 102296, '2016-04-03 12:59:26', 2, 1, 'Fernando0 Martinez0', 1, 2, NULL, NULL),
(64, 2, '2016-04-15 23:41:39', '2016-04-15 23:41:39', 'Title User number 0', 'Subtitle kind of action number 0', 'nando_02.jpg', 'image/jpeg', 102296, '2016-04-03 12:59:26', 2, 1, 'Fernando0 Martinez0', 1, 2, NULL, NULL),
(65, 2, '2016-04-15 23:42:12', '2016-04-15 23:42:12', 'Title User number 0', 'Subtitle kind of action number 0', 'nando_02.jpg', 'image/jpeg', 102296, '2016-04-03 12:59:26', 2, 1, 'Fernando0 Martinez0', 1, 2, NULL, NULL),
(66, 2, '2016-04-15 23:44:23', '2016-04-15 23:44:23', 'Title User number 0', 'Subtitle kind of action number 0', 'nando_02.jpg', 'image/jpeg', 102296, '2016-04-03 12:59:26', 2, 1, 'Fernando0 Martinez0', 1, 2, NULL, NULL),
(67, 2, '2016-04-20 01:32:22', '2016-04-20 01:32:22', 'Title User number 0', 'Subtitle kind of action number 0', 'nando_02.jpg', 'image/jpeg', 102296, '2016-04-03 12:59:26', 2, 1, 'Fernando Martinez', 127, 2, NULL, NULL),
(68, 2, '2016-04-20 01:33:30', '2016-04-20 01:33:30', 'Title User number 0', 'Subtitle kind of action number 0', 'nando_02.jpg', 'image/jpeg', 102296, '2016-04-03 12:59:26', 2, 1, 'Fernando Martinez', 127, 2, NULL, NULL),
(69, 2, '2016-04-20 01:33:45', '2016-04-20 01:33:45', 'Title User number 0', 'Subtitle kind of action number 0', 'nando_02.jpg', 'image/jpeg', 102296, '2016-04-03 12:59:26', 2, 1, 'Fernando Martinez', 127, 2, NULL, NULL),
(71, 155, '2016-04-20 02:42:35', '2016-04-20 02:42:35', 'Fernando Martinez', 'Subtitle kind of action number 0', 'nando_02.jpg', 'image/jpeg', 102296, '2016-04-03 12:59:26', 2, 1, 'Fernando Martinez', NULL, 2, 2, 'Title User number 0'),
(82, 2, '2016-05-05 18:12:33', '2016-05-05 18:12:33', 'Fernando1 Martinez1', 'Is now following Fernando Fernando', 'nando_02.jpg', 'image/jpeg', 102296, '2016-05-05 18:12:33', 2, 0, NULL, NULL, 2, NULL, NULL);

-- --------------------------------------------------------

--
-- Table structure for table `privacies`
--

DROP TABLE IF EXISTS `privacies`;
CREATE TABLE `privacies` (
  `id` int(11) NOT NULL,
  `created_at` datetime NOT NULL,
  `updated_at` datetime NOT NULL
) ENGINE=InnoDB DEFAULT CHARSET=utf8 COLLATE=utf8_unicode_ci;

-- --------------------------------------------------------

--
-- Table structure for table `problems`
--

DROP TABLE IF EXISTS `problems`;
CREATE TABLE `problems` (
  `id` int(11) NOT NULL,
  `user_id` int(11) DEFAULT NULL,
  `created_at` datetime NOT NULL,
  `updated_at` datetime NOT NULL,
  `problem` text COLLATE utf8_unicode_ci
) ENGINE=InnoDB DEFAULT CHARSET=utf8 COLLATE=utf8_unicode_ci;

--
-- Dumping data for table `problems`
--

INSERT INTO `problems` (`id`, `user_id`, `created_at`, `updated_at`, `problem`) VALUES
(1, 141, '2016-05-06 22:05:08', '2016-05-06 22:05:08', 'hla'),
(2, 141, '2016-05-06 22:06:01', '2016-05-06 22:06:01', 'hla');

-- --------------------------------------------------------

--
-- Table structure for table `schema_migrations`
--

DROP TABLE IF EXISTS `schema_migrations`;
CREATE TABLE `schema_migrations` (
  `version` varchar(255) COLLATE utf8_unicode_ci NOT NULL
) ENGINE=InnoDB DEFAULT CHARSET=utf8 COLLATE=utf8_unicode_ci;

--
-- Dumping data for table `schema_migrations`
--

INSERT INTO `schema_migrations` (`version`) VALUES
('20160304180730'),
('20160304180743'),
('20160304180751'),
('20160304180759'),
('20160304180814'),
('20160304180828'),
('20160304180833'),
('20160304180838'),
('20160304180842'),
('20160304180847'),
('20160304200441'),
('20160309231123'),
('20160310145748'),
('20160313131330'),
('20160313131426'),
('20160316135141'),
('20160316144445'),
('20160316150533'),
('20160317210553'),
('20160317210611'),
('20160317211350'),
('20160320174931'),
('20160320184852'),
('20160331173029'),
('20160331173049'),
('20160331173616'),
('20160331182256'),
('20160331182337'),
('20160331193817'),
('20160403153816'),
('20160403161036'),
('20160403202918'),
('20160403210344'),
('20160404113301'),
('20160404114631'),
('20160404223004'),
('20160404224724'),
('20160414132343'),
('20160416003805'),
('20160416145330'),
('20160416145530'),
('20160417013644'),
('20160418022510'),
('20160419005211'),
('20160419005438'),
('20160420014216'),
('20160420023847'),
('20160428193500'),
('20160428205044'),
('20160506215628');

-- --------------------------------------------------------

--
-- Table structure for table `terms`
--

DROP TABLE IF EXISTS `terms`;
CREATE TABLE `terms` (
  `id` int(11) NOT NULL,
  `created_at` datetime NOT NULL,
  `updated_at` datetime NOT NULL
) ENGINE=InnoDB DEFAULT CHARSET=utf8 COLLATE=utf8_unicode_ci;

-- --------------------------------------------------------

--
-- Table structure for table `users`
--

DROP TABLE IF EXISTS `users`;
CREATE TABLE `users` (
  `id` int(11) NOT NULL,
  `email` varchar(255) COLLATE utf8_unicode_ci NOT NULL DEFAULT '',
  `encrypted_password` varchar(255) COLLATE utf8_unicode_ci NOT NULL DEFAULT '',
  `reset_password_token` varchar(255) COLLATE utf8_unicode_ci DEFAULT NULL,
  `reset_password_sent_at` datetime DEFAULT NULL,
  `remember_created_at` datetime DEFAULT NULL,
  `sign_in_count` int(11) NOT NULL DEFAULT '0',
  `current_sign_in_at` datetime DEFAULT NULL,
  `last_sign_in_at` datetime DEFAULT NULL,
  `current_sign_in_ip` varchar(255) COLLATE utf8_unicode_ci DEFAULT NULL,
  `last_sign_in_ip` varchar(255) COLLATE utf8_unicode_ci DEFAULT NULL,
  `created_at` datetime NOT NULL,
  `updated_at` datetime NOT NULL,
  `first_name` varchar(255) COLLATE utf8_unicode_ci DEFAULT NULL,
  `last_name` varchar(255) COLLATE utf8_unicode_ci DEFAULT NULL,
  `profile_picture_file_name` varchar(255) COLLATE utf8_unicode_ci DEFAULT NULL,
  `profile_picture_content_type` varchar(255) COLLATE utf8_unicode_ci DEFAULT NULL,
  `profile_picture_file_size` int(11) DEFAULT NULL,
  `profile_picture_updated_at` datetime DEFAULT NULL,
  `city` varchar(255) COLLATE utf8_unicode_ci DEFAULT NULL,
  `country` varchar(255) COLLATE utf8_unicode_ci DEFAULT NULL,
  `job_title` varchar(255) COLLATE utf8_unicode_ci DEFAULT NULL,
  `company_name` varchar(255) COLLATE utf8_unicode_ci DEFAULT NULL,
  `active_location` tinyint(1) DEFAULT NULL,
  `private_advise` tinyint(1) DEFAULT '1',
  `facebook_id` varchar(255) COLLATE utf8_unicode_ci DEFAULT NULL,
  `biography` text COLLATE utf8_unicode_ci,
  `phone` varchar(255) COLLATE utf8_unicode_ci DEFAULT NULL,
  `birthdate` date DEFAULT NULL,
  `gender` varchar(255) COLLATE utf8_unicode_ci DEFAULT 'male',
  `facebook_link` varchar(255) COLLATE utf8_unicode_ci DEFAULT NULL,
  `fb_token` varchar(255) COLLATE utf8_unicode_ci DEFAULT NULL,
  `confirmed_at` datetime DEFAULT NULL,
  `confirmation_sent_at` datetime DEFAULT NULL,
  `provider` varchar(255) COLLATE utf8_unicode_ci DEFAULT NULL,
  `uid` varchar(255) COLLATE utf8_unicode_ci DEFAULT NULL,
  `latitude` float DEFAULT NULL,
  `longitude` float DEFAULT NULL
) ENGINE=InnoDB DEFAULT CHARSET=utf8 COLLATE=utf8_unicode_ci;

--
-- Dumping data for table `users`
--

INSERT INTO `users` (`id`, `email`, `encrypted_password`, `reset_password_token`, `reset_password_sent_at`, `remember_created_at`, `sign_in_count`, `current_sign_in_at`, `last_sign_in_at`, `current_sign_in_ip`, `last_sign_in_ip`, `created_at`, `updated_at`, `first_name`, `last_name`, `profile_picture_file_name`, `profile_picture_content_type`, `profile_picture_file_size`, `profile_picture_updated_at`, `city`, `country`, `job_title`, `company_name`, `active_location`, `private_advise`, `facebook_id`, `biography`, `phone`, `birthdate`, `gender`, `facebook_link`, `fb_token`, `confirmed_at`, `confirmation_sent_at`, `provider`, `uid`, `latitude`, `longitude`) VALUES
(1, 'nando0@hotmail.com', '$2a$10$tTtHijGLH038r0Wncm98Ze8jwuSksid.CLjPwI51Kwvd33FQOTeku', NULL, NULL, NULL, 2, '2016-04-16 15:52:59', '2016-04-11 17:07:16', '::1', '::1', '2016-04-03 13:00:10', '2016-05-03 18:19:17', 'Fernando0', 'Martinez0', 'nando_02.jpg', 'image/jpeg', 102296, '2016-05-03 18:19:16', 'Miami', 'Venezuela', 'Linio', 'bi coordinator', 1, 0, NULL, NULL, NULL, NULL, 'male', NULL, NULL, NULL, NULL, NULL, NULL, 25.7617, -80.1918),
(2, 'nando1@hotmail.com', '$2a$10$AfL1TsXnO3Bya7clzhhbuu2GUO8z.L78ALnsj7B3VvAdz18aEWNjO', NULL, NULL, NULL, 0, NULL, NULL, NULL, NULL, '2016-04-03 13:00:11', '2016-05-03 18:19:17', 'Fernando1', 'Martinez1', 'nando_02.jpg', 'image/jpeg', 102296, '2016-05-03 18:19:17', 'Caracas', 'Venezuela', 'Gerente de mercadeo', 'Diageo', 1, 0, NULL, NULL, NULL, NULL, 'male', NULL, NULL, NULL, NULL, NULL, NULL, 10.4806, -66.9036),
(3, 'nando2@hotmail.com', '$2a$10$Sz5d9ZwuEcEFye9CVTa4DecPexiJCi/hzjYM/dL11oNbivfZMtKly', NULL, NULL, NULL, 0, NULL, NULL, NULL, NULL, '2016-04-03 13:00:11', '2016-05-03 18:19:18', 'Fernando2', 'Martinez2', 'nando_02.jpg', 'image/jpeg', 102296, '2016-05-03 18:19:17', 'Caracas', 'Venezuela', 'Gerente de mercadeo', 'Diageo', NULL, NULL, NULL, NULL, NULL, NULL, 'male', NULL, NULL, NULL, NULL, NULL, NULL, 10.4806, -66.9036),
(4, 'nando3@hotmail.com', '$2a$10$4QdKrlGTAsEx1rOFTwuGAOcYFGYg0qwXj3GfK3KYhRqDyLD4DgPvO', NULL, NULL, NULL, 0, NULL, NULL, NULL, NULL, '2016-04-03 13:00:11', '2016-05-03 18:19:19', 'Fernando3', 'Martinez3', 'nando_02.jpg', 'image/jpeg', 102296, '2016-05-03 18:19:18', 'Caracas', 'Venezuela', 'Gerente de mercadeo', 'Diageo', NULL, NULL, NULL, NULL, NULL, NULL, 'male', NULL, NULL, NULL, NULL, NULL, NULL, 10.4806, -66.9036),
(5, 'nando4@hotmail.com', '$2a$10$USJw6SrmaUnjXlSMrHXpJuPfJ33MmEz5rfTf2UvH5.N/RuheMfBf6', NULL, NULL, NULL, 0, NULL, NULL, NULL, NULL, '2016-04-03 13:00:12', '2016-05-03 18:19:20', 'Fernando4', 'Martinez4', 'nando_02.jpg', 'image/jpeg', 102296, '2016-05-03 18:19:19', 'Caracas', 'Venezuela', 'CEO', 'Protokol', NULL, NULL, NULL, NULL, NULL, NULL, 'male', NULL, NULL, NULL, NULL, NULL, NULL, 10.4806, -66.9036),
(6, 'nando5@hotmail.com', '$2a$10$3C9mAdbyBD2ePi0ikENBL.mAvo7Gpc9IT3f/6TCJrgp0dWWdYi/MO', NULL, NULL, NULL, 0, NULL, NULL, NULL, NULL, '2016-04-03 13:00:12', '2016-05-03 18:19:20', 'Fernando5', 'Martinez5', 'nando_02.jpg', 'image/jpeg', 102296, '2016-05-03 18:19:20', 'Caracas', 'Venezuela', 'Gerente de mercadeo', 'Diageo', NULL, NULL, NULL, NULL, NULL, NULL, 'male', NULL, NULL, NULL, NULL, NULL, NULL, 10.4806, -66.9036),
(7, 'nando6@hotmail.com', '$2a$10$ilIAIWA1byHANxqYwK3AK.tQ7ffYdJJgWfX9zXDF8HozyYZQYxh6y', NULL, NULL, NULL, 0, NULL, NULL, NULL, NULL, '2016-04-03 13:00:12', '2016-05-03 18:19:21', 'Fernando6', 'Martinez6', 'nando_02.jpg', 'image/jpeg', 102296, '2016-05-03 18:19:20', 'Caracas', 'Venezuela', 'Gerente de mercadeo', 'Diageo', NULL, NULL, NULL, NULL, NULL, NULL, 'male', NULL, NULL, NULL, NULL, NULL, NULL, 10.4806, -66.9036),
(8, 'nando7@hotmail.com', '$2a$10$OO4tAr1Z54BCMW2N9siKuuOJKBBUmdTa6CHC.NfqyH5cePkK/gw2a', NULL, NULL, NULL, 0, NULL, NULL, NULL, NULL, '2016-04-03 13:00:12', '2016-05-03 18:19:21', 'Fernando7', 'Martinez7', 'nando_02.jpg', 'image/jpeg', 102296, '2016-05-03 18:19:21', 'Caracas', 'Venezuela', 'Gerente de mercadeo', 'Diageo', NULL, NULL, NULL, NULL, NULL, NULL, 'male', NULL, NULL, NULL, NULL, NULL, NULL, 10.4806, -66.9036),
(9, 'nando8@hotmail.com', '$2a$10$HLII9IrMz9gHqy1.0pJKjOqEYmpiAhQiJGqnAy8WmZgZwkCMdHXi2', NULL, NULL, NULL, 0, NULL, NULL, NULL, NULL, '2016-04-03 13:00:13', '2016-05-03 18:19:22', 'Fernando8', 'Martinez8', 'nando_02.jpg', 'image/jpeg', 102296, '2016-05-03 18:19:21', 'Caracas', 'Venezuela', 'Gerente de mercadeo', 'Diageo', NULL, NULL, NULL, NULL, NULL, NULL, 'male', NULL, NULL, NULL, NULL, NULL, NULL, 10.4806, -66.9036),
(10, 'nando9@hotmail.com', '$2a$10$dCFeRBPI2tetobJDjORB0O2DWaJSS70UcEXvGTMAHpPFGhmj2jRXG', NULL, NULL, NULL, 0, NULL, NULL, NULL, NULL, '2016-04-03 13:00:13', '2016-05-03 18:19:23', 'Fernando9', 'Martinez9', 'nando_02.jpg', 'image/jpeg', 102296, '2016-05-03 18:19:22', 'Caracas', 'Venezuela', 'Gerente de mercadeo', 'Diageo', NULL, NULL, NULL, NULL, NULL, NULL, 'male', NULL, NULL, NULL, NULL, NULL, NULL, 10.4806, -66.9036),
(11, 'nando10@hotmail.com', '$2a$10$6gpnQXE9HPf68jrwxZjr2.nK4l8My3ucN2Oa2JyKSBKVgb4JnakJ2', NULL, NULL, NULL, 0, NULL, NULL, NULL, NULL, '2016-04-03 13:00:13', '2016-05-03 18:19:24', 'Fernando10', 'Martinez10', 'nando_02.jpg', 'image/jpeg', 102296, '2016-05-03 18:19:23', 'Caracas', 'Venezuela', 'Gerente de mercadeo', 'Diageo', NULL, NULL, NULL, NULL, NULL, NULL, 'male', NULL, NULL, NULL, NULL, NULL, NULL, 10.4806, -66.9036),
(12, 'nando11@hotmail.com', '$2a$10$7rE.ENu3HTRryCMkasjoZu6B7akxrCNmpeb36uWqJFsGF6elsLJkm', NULL, NULL, NULL, 0, NULL, NULL, NULL, NULL, '2016-04-03 13:00:14', '2016-05-03 18:19:24', 'Fernando11', 'Martinez11', 'nando_02.jpg', 'image/jpeg', 102296, '2016-05-03 18:19:24', 'Caracas', 'Venezuela', 'Gerente de mercadeo', 'Diageo', NULL, NULL, NULL, NULL, NULL, NULL, 'male', NULL, NULL, NULL, NULL, NULL, NULL, 10.4806, -66.9036),
(13, 'nando12@hotmail.com', '$2a$10$zhKYf6ukmKUwwey9qR7adOmeq0WKKzvvKzWFmduGEBPpAdn3atdyO', NULL, NULL, NULL, 0, NULL, NULL, NULL, NULL, '2016-04-03 13:00:14', '2016-05-03 18:19:25', 'Fernando12', 'Martinez12', 'nando_02.jpg', 'image/jpeg', 102296, '2016-05-03 18:19:24', 'Caracas', 'Venezuela', 'Gerente de mercadeo', 'Diageo', NULL, NULL, NULL, NULL, NULL, NULL, 'male', NULL, NULL, NULL, NULL, NULL, NULL, 10.4806, -66.9036),
(14, 'nando13@hotmail.com', '$2a$10$5YxouxEbMbgEORJSPNzwo.2imhWUa5kMvuHyjNyKq4z2Wq1BFTWQW', NULL, NULL, NULL, 0, NULL, NULL, NULL, NULL, '2016-04-03 13:00:14', '2016-05-03 18:19:25', 'Fernando13', 'Martinez13', 'nando_02.jpg', 'image/jpeg', 102296, '2016-05-03 18:19:25', 'Caracas', 'Venezuela', 'Gerente de mercadeo', 'Diageo', NULL, NULL, NULL, NULL, NULL, NULL, 'male', NULL, NULL, NULL, NULL, NULL, NULL, 10.4806, -66.9036),
(15, 'nando14@hotmail.com', '$2a$10$V4ieEbPAx/uEP.RMxyzicewW9icTpzk/ETyitWEbj6Z8yMzWFlkK.', NULL, NULL, NULL, 0, NULL, NULL, NULL, NULL, '2016-04-03 13:00:14', '2016-05-03 18:19:26', 'Fernando14', 'Martinez14', 'nando_02.jpg', 'image/jpeg', 102296, '2016-05-03 18:19:25', 'Caracas', 'Venezuela', 'Gerente de mercadeo', 'Diageo', NULL, NULL, NULL, NULL, NULL, NULL, 'male', NULL, NULL, NULL, NULL, NULL, NULL, 10.4806, -66.9036),
(16, 'nando15@hotmail.com', '$2a$10$eOCXTG2XWwC409KY91JdCuh6MhSsTzqV3hRRUQVLqMIb75qtWoTyK', NULL, NULL, NULL, 0, NULL, NULL, NULL, NULL, '2016-04-03 13:00:15', '2016-05-03 18:19:27', 'Fernando15', 'Martinez15', 'nando_02.jpg', 'image/jpeg', 102296, '2016-05-03 18:19:26', 'Caracas', 'Venezuela', 'Gerente de mercadeo', 'Diageo', NULL, NULL, NULL, NULL, NULL, NULL, 'male', NULL, NULL, NULL, NULL, NULL, NULL, 10.4806, -66.9036),
(17, 'nando16@hotmail.com', '$2a$10$TvkkZnsREapmD3UCQob.0OEvAu.BriR8OGKTohKQBrpAh9qY5PWxy', NULL, NULL, NULL, 0, NULL, NULL, NULL, NULL, '2016-04-03 13:00:15', '2016-05-03 18:19:27', 'Fernando16', 'Martinez16', 'nando_02.jpg', 'image/jpeg', 102296, '2016-05-03 18:19:27', 'Caracas', 'Venezuela', 'Gerente de mercadeo', 'Diageo', NULL, NULL, NULL, NULL, NULL, NULL, 'male', NULL, NULL, NULL, NULL, NULL, NULL, 10.4806, -66.9036),
(18, 'nando17@hotmail.com', '$2a$10$wDF/7kqRZ2B1ri.YxrJ6X.tgoqNcwXLM8f9Zl95nzuvsvfX3jZr1q', NULL, NULL, NULL, 0, NULL, NULL, NULL, NULL, '2016-04-03 13:00:15', '2016-05-03 18:19:28', 'Fernando17', 'Martinez17', 'nando_02.jpg', 'image/jpeg', 102296, '2016-05-03 18:19:27', 'Caracas', 'Venezuela', 'Gerente de mercadeo', 'Diageo', NULL, NULL, NULL, NULL, NULL, NULL, 'male', NULL, NULL, NULL, NULL, NULL, NULL, 10.4806, -66.9036),
(19, 'nando18@hotmail.com', '$2a$10$hMPuZO2rnu3mckqydQtyNufg0B.s3rQajZ76Q3cdIhR0wK5p95kL2', NULL, NULL, NULL, 0, NULL, NULL, NULL, NULL, '2016-04-03 13:00:15', '2016-05-03 18:19:28', 'Fernando18', 'Martinez18', 'nando_02.jpg', 'image/jpeg', 102296, '2016-05-03 18:19:28', 'Caracas', 'Venezuela', 'Gerente de mercadeo', 'Diageo', NULL, NULL, NULL, NULL, NULL, NULL, 'male', NULL, NULL, NULL, NULL, NULL, NULL, 10.4806, -66.9036),
(20, 'nando19@hotmail.com', '$2a$10$e9HVnTaMmADuE/Wx/WbIquTERaQOQG6NaQahWEDm6z3dvWVzLs/Ay', NULL, NULL, NULL, 0, NULL, NULL, NULL, NULL, '2016-04-03 13:00:16', '2016-05-03 18:19:29', 'Fernando19', 'Martinez19', 'nando_02.jpg', 'image/jpeg', 102296, '2016-05-03 18:19:28', 'Caracas', 'Venezuela', 'Gerente de mercadeo', 'Diageo', NULL, NULL, NULL, NULL, NULL, NULL, 'male', NULL, NULL, NULL, NULL, NULL, NULL, 10.4806, -66.9036),
(21, 'nando20@hotmail.com', '$2a$10$I6zQHOU0wrZCT6PNighzaOPdcwW.Va2WFTpARIccNfQ0QgSf9R6pC', NULL, NULL, NULL, 0, NULL, NULL, NULL, NULL, '2016-04-03 13:00:16', '2016-05-03 18:19:29', 'Fernando20', 'Martinez20', 'nando_02.jpg', 'image/jpeg', 102296, '2016-05-03 18:19:29', 'Caracas', 'Venezuela', 'Gerente de mercadeo', 'Diageo', NULL, NULL, NULL, NULL, NULL, NULL, 'male', NULL, NULL, NULL, NULL, NULL, NULL, 10.4806, -66.9036),
(22, 'nando21@hotmail.com', '$2a$10$VEIgKaCjwPSBBFf4sGa9j.qDaMiVORA.FOOIGSbCiY1.sZ3EaDFYa', NULL, NULL, NULL, 0, NULL, NULL, NULL, NULL, '2016-04-03 13:00:16', '2016-05-03 18:19:30', 'Fernando21', 'Martinez21', 'nando_02.jpg', 'image/jpeg', 102296, '2016-05-03 18:19:29', 'Caracas', 'Venezuela', 'Gerente de mercadeo', 'Diageo', NULL, NULL, NULL, NULL, NULL, NULL, 'male', NULL, NULL, NULL, NULL, NULL, NULL, 10.4806, -66.9036),
(23, 'nando22@hotmail.com', '$2a$10$V1JNI9FLofThzHdgKDpiq.rhKlIHjZW7JfVtLck5qlGncB/ss8QmK', NULL, NULL, NULL, 0, NULL, NULL, NULL, NULL, '2016-04-03 13:00:17', '2016-05-03 18:19:31', 'Fernando22', 'Martinez22', 'nando_02.jpg', 'image/jpeg', 102296, '2016-05-03 18:19:30', 'Caracas', 'Venezuela', 'Gerente de mercadeo', 'Diageo', NULL, NULL, NULL, NULL, NULL, NULL, 'male', NULL, NULL, NULL, NULL, NULL, NULL, 10.4806, -66.9036),
(24, 'nando23@hotmail.com', '$2a$10$tTcazKcE5N4IpfTUFU2THujJGRv/XASReqPZIh1KmFDzJ2/BpCPKK', NULL, NULL, NULL, 0, NULL, NULL, NULL, NULL, '2016-04-03 13:00:17', '2016-05-03 18:19:31', 'Fernando23', 'Martinez23', 'nando_02.jpg', 'image/jpeg', 102296, '2016-05-03 18:19:31', 'Caracas', 'Venezuela', 'Gerente de mercadeo', 'Diageo', NULL, NULL, NULL, NULL, NULL, NULL, 'male', NULL, NULL, NULL, NULL, NULL, NULL, 10.4806, -66.9036),
(25, 'nando24@hotmail.com', '$2a$10$yO3PiW904bPs9uNkBmlenOjaqDRkH0N2WLM0q4BaqrEOx68x3VmoK', NULL, NULL, NULL, 0, NULL, NULL, NULL, NULL, '2016-04-03 13:00:17', '2016-05-03 18:19:32', 'Fernando24', 'Martinez24', 'nando_02.jpg', 'image/jpeg', 102296, '2016-05-03 18:19:31', 'Caracas', 'Venezuela', 'Gerente de mercadeo', 'Diageo', NULL, NULL, NULL, NULL, NULL, NULL, 'male', NULL, NULL, NULL, NULL, NULL, NULL, 10.4806, -66.9036),
(26, 'nando25@hotmail.com', '$2a$10$/cQxJZuNi58lpshWfGmx0ukBa4hNlUMAzmztC5uPMfZaREHTI8LsK', NULL, NULL, NULL, 0, NULL, NULL, NULL, NULL, '2016-04-03 13:00:17', '2016-05-03 18:19:33', 'Fernando25', 'Martinez25', 'nando_02.jpg', 'image/jpeg', 102296, '2016-05-03 18:19:32', 'Caracas', 'Venezuela', 'Gerente de mercadeo', 'Diageo', NULL, NULL, NULL, NULL, NULL, NULL, 'male', NULL, NULL, NULL, NULL, NULL, NULL, 10.4806, -66.9036),
(27, 'nando26@hotmail.com', '$2a$10$M1XySWUTT9tnhwh4KGYqH.QEgh7FBEHqGq49pmDoiv.PgP/VxkSEW', NULL, NULL, NULL, 0, NULL, NULL, NULL, NULL, '2016-04-03 13:00:18', '2016-05-03 18:19:33', 'Fernando26', 'Martinez26', 'nando_02.jpg', 'image/jpeg', 102296, '2016-05-03 18:19:33', 'Caracas', 'Venezuela', 'Gerente de mercadeo', 'Diageo', NULL, NULL, NULL, NULL, NULL, NULL, 'male', NULL, NULL, NULL, NULL, NULL, NULL, 10.4806, -66.9036),
(28, 'nando27@hotmail.com', '$2a$10$gUaUcmE2mFZtoTxaNsC2HObbYhowKqXeUfblr5iIcANtuJoItjlGq', NULL, NULL, NULL, 0, NULL, NULL, NULL, NULL, '2016-04-03 13:00:18', '2016-05-03 18:19:34', 'Fernando27', 'Martinez27', 'nando_02.jpg', 'image/jpeg', 102296, '2016-05-03 18:19:33', 'Caracas', 'Venezuela', 'Gerente de mercadeo', 'Diageo', NULL, NULL, NULL, NULL, NULL, NULL, 'male', NULL, NULL, NULL, NULL, NULL, NULL, 10.4806, -66.9036),
(29, 'nando28@hotmail.com', '$2a$10$ronOcyJqJAzouOqsap9Pt.Ni8Mpo4YghzRm0G7jBpvhYvqr26JjJK', NULL, NULL, NULL, 0, NULL, NULL, NULL, NULL, '2016-04-03 13:00:18', '2016-05-03 18:19:34', 'Fernando28', 'Martinez28', 'nando_02.jpg', 'image/jpeg', 102296, '2016-05-03 18:19:34', 'Caracas', 'Venezuela', 'Gerente de mercadeo', 'Diageo', NULL, NULL, NULL, NULL, NULL, NULL, 'male', NULL, NULL, NULL, NULL, NULL, NULL, 10.4806, -66.9036),
(30, 'nando29@hotmail.com', '$2a$10$svJew2KlC9Siyak.Sxd/jeVIJI5D416GpB7Do2h5RdUS3F8MK8aAC', NULL, NULL, NULL, 0, NULL, NULL, NULL, NULL, '2016-04-03 13:00:18', '2016-05-03 18:19:35', 'Fernando29', 'Martinez29', 'nando_02.jpg', 'image/jpeg', 102296, '2016-05-03 18:19:34', 'Caracas', 'Venezuela', 'Gerente de mercadeo', 'Diageo', NULL, NULL, NULL, NULL, NULL, NULL, 'male', NULL, NULL, NULL, NULL, NULL, NULL, 10.4806, -66.9036),
(31, 'nando30@hotmail.com', '$2a$10$mYCQdsrYxtuYfDyrjQ67K.NmaOQuIwE7Z/l/j4T1bc8TE0UGevFma', NULL, NULL, NULL, 0, NULL, NULL, NULL, NULL, '2016-04-03 13:00:19', '2016-05-03 18:19:36', 'Fernando30', 'Martinez30', 'nando_02.jpg', 'image/jpeg', 102296, '2016-05-03 18:19:35', 'Caracas', 'Venezuela', 'Gerente de mercadeo', 'Diageo', NULL, NULL, NULL, NULL, NULL, NULL, 'male', NULL, NULL, NULL, NULL, NULL, NULL, 10.4806, -66.9036),
(32, 'nando31@hotmail.com', '$2a$10$nyDSfain0yuMeoh.mYmELenVBlEB4p3Vzz0QFEn/9vbIcce4XBhhK', NULL, NULL, NULL, 0, NULL, NULL, NULL, NULL, '2016-04-03 13:00:19', '2016-05-03 18:19:36', 'Fernando31', 'Martinez31', 'nando_02.jpg', 'image/jpeg', 102296, '2016-05-03 18:19:36', 'Caracas', 'Venezuela', 'Gerente de mercadeo', 'Diageo', NULL, NULL, NULL, NULL, NULL, NULL, 'male', NULL, NULL, NULL, NULL, NULL, NULL, 10.4806, -66.9036),
(33, 'nando32@hotmail.com', '$2a$10$Yn4QUm4Be8/wJCEpK1EIMemwWpcwDcqLbLhz0bMf3fCFTUXUgqrZW', NULL, NULL, NULL, 0, NULL, NULL, NULL, NULL, '2016-04-03 13:00:19', '2016-05-03 18:19:37', 'Fernando32', 'Martinez32', 'nando_02.jpg', 'image/jpeg', 102296, '2016-05-03 18:19:36', 'Caracas', 'Venezuela', 'Gerente de mercadeo', 'Diageo', NULL, NULL, NULL, NULL, NULL, NULL, 'male', NULL, NULL, NULL, NULL, NULL, NULL, 10.4806, -66.9036),
(34, 'nando33@hotmail.com', '$2a$10$LoxOzuXaMkDTOYr96qmy1uaBu1oADcGK1XLuaWQ06RMox8Kh0oFNa', NULL, NULL, NULL, 0, NULL, NULL, NULL, NULL, '2016-04-03 13:00:19', '2016-05-03 18:19:38', 'Fernando33', 'Martinez33', 'nando_02.jpg', 'image/jpeg', 102296, '2016-05-03 18:19:37', 'Caracas', 'Venezuela', 'Gerente de mercadeo', 'Diageo', NULL, NULL, NULL, NULL, NULL, NULL, 'male', NULL, NULL, NULL, NULL, NULL, NULL, 10.4806, -66.9036),
(35, 'nando34@hotmail.com', '$2a$10$9F7aVPsf2xFK5KeC2w.qYemhq4Z4030ky.A47PQYEbcKWH.oiyV1q', NULL, NULL, NULL, 0, NULL, NULL, NULL, NULL, '2016-04-03 13:00:20', '2016-05-03 18:19:38', 'Fernando34', 'Martinez34', 'nando_02.jpg', 'image/jpeg', 102296, '2016-05-03 18:19:38', 'Caracas', 'Venezuela', 'Gerente de mercadeo', 'Diageo', NULL, NULL, NULL, NULL, NULL, NULL, 'male', NULL, NULL, NULL, NULL, NULL, NULL, 10.4806, -66.9036),
(36, 'nando35@hotmail.com', '$2a$10$tMJcPAMl0TzbfTXiilO6TOcPuO1uPKJUX3WaO9yTSPyCaMINo81xa', NULL, NULL, NULL, 0, NULL, NULL, NULL, NULL, '2016-04-03 13:00:20', '2016-05-03 18:19:39', 'Fernando35', 'Martinez35', 'nando_02.jpg', 'image/jpeg', 102296, '2016-05-03 18:19:38', 'Caracas', 'Venezuela', 'Gerente de mercadeo', 'Diageo', NULL, NULL, NULL, NULL, NULL, NULL, 'male', NULL, NULL, NULL, NULL, NULL, NULL, 10.4806, -66.9036),
(37, 'nando36@hotmail.com', '$2a$10$g4NU4Cm5owukBVmqkPi6auO4PGJfIyIbAADtGowR7vugzeoVFbHkm', NULL, NULL, NULL, 0, NULL, NULL, NULL, NULL, '2016-04-03 13:00:20', '2016-05-03 18:19:39', 'Fernando36', 'Martinez36', 'nando_02.jpg', 'image/jpeg', 102296, '2016-05-03 18:19:39', 'Caracas', 'Venezuela', 'Gerente de mercadeo', 'Diageo', NULL, NULL, NULL, NULL, NULL, NULL, 'male', NULL, NULL, NULL, NULL, NULL, NULL, 10.4806, -66.9036),
(38, 'nando37@hotmail.com', '$2a$10$NFERu1gzEOmqMVy6M03kAeempmTr5zZz6JU6F9jCbF0v121THRo4e', NULL, NULL, NULL, 0, NULL, NULL, NULL, NULL, '2016-04-03 13:00:21', '2016-05-03 18:19:40', 'Fernando37', 'Martinez37', 'nando_02.jpg', 'image/jpeg', 102296, '2016-05-03 18:19:39', 'Caracas', 'Venezuela', 'Gerente de mercadeo', 'Diageo', NULL, NULL, NULL, NULL, NULL, NULL, 'male', NULL, NULL, NULL, NULL, NULL, NULL, 10.4806, -66.9036),
(39, 'nando38@hotmail.com', '$2a$10$zIhwNcZm8nJUB9I5kTvtueQkg3nUbSqxmrMJuJyBQYsVx1O36.ULy', NULL, NULL, NULL, 0, NULL, NULL, NULL, NULL, '2016-04-03 13:00:21', '2016-05-03 18:19:41', 'Fernando38', 'Martinez38', 'nando_02.jpg', 'image/jpeg', 102296, '2016-05-03 18:19:40', 'Caracas', 'Venezuela', 'Gerente de mercadeo', 'Diageo', NULL, NULL, NULL, NULL, NULL, NULL, 'male', NULL, NULL, NULL, NULL, NULL, NULL, 10.4806, -66.9036),
(40, 'nando39@hotmail.com', '$2a$10$wPPYOJnJ9DOKe1ybKlKgj.6.7PQMBsVgQJyU1IHqJ4yyqsRcjNx0C', NULL, NULL, NULL, 0, NULL, NULL, NULL, NULL, '2016-04-03 13:00:21', '2016-05-03 18:19:41', 'Fernando39', 'Martinez39', 'nando_02.jpg', 'image/jpeg', 102296, '2016-05-03 18:19:41', 'Caracas', 'Venezuela', 'Gerente de mercadeo', 'Diageo', NULL, NULL, NULL, NULL, NULL, NULL, 'male', NULL, NULL, NULL, NULL, NULL, NULL, 10.4806, -66.9036),
(41, 'nando40@hotmail.com', '$2a$10$IJYKfNWqW6smlYTZYgp0T.Ve.rKXTHig3Gb/NKOSGMHsEzeMKlHZG', NULL, NULL, NULL, 0, NULL, NULL, NULL, NULL, '2016-04-03 13:00:21', '2016-05-03 18:19:42', 'Fernando40', 'Martinez40', 'nando_02.jpg', 'image/jpeg', 102296, '2016-05-03 18:19:41', 'Caracas', 'Venezuela', 'Gerente de mercadeo', 'Diageo', NULL, NULL, NULL, NULL, NULL, NULL, 'male', NULL, NULL, NULL, NULL, NULL, NULL, 10.4806, -66.9036),
(42, 'nando41@hotmail.com', '$2a$10$4BcGcsn8X8VnJmMOC6ou6eUTXMP9ADd5L/mwNJcB6R9yIms5Lz/2W', NULL, NULL, NULL, 0, NULL, NULL, NULL, NULL, '2016-04-03 13:00:22', '2016-05-03 18:19:42', 'Fernando41', 'Martinez41', 'nando_02.jpg', 'image/jpeg', 102296, '2016-05-03 18:19:42', 'Caracas', 'Venezuela', 'Gerente de mercadeo', 'Diageo', NULL, NULL, NULL, NULL, NULL, NULL, 'male', NULL, NULL, NULL, NULL, NULL, NULL, 10.4806, -66.9036),
(43, 'nando42@hotmail.com', '$2a$10$5ExCJMBEHT6nHA4bY/l6f.hOsuu60OPM5dZjy3Ryj/YuFbAeozsqe', NULL, NULL, NULL, 0, NULL, NULL, NULL, NULL, '2016-04-03 13:00:22', '2016-05-03 18:19:43', 'Fernando42', 'Martinez42', 'nando_02.jpg', 'image/jpeg', 102296, '2016-05-03 18:19:42', 'Caracas', 'Venezuela', 'Gerente de mercadeo', 'Diageo', NULL, NULL, NULL, NULL, NULL, NULL, 'male', NULL, NULL, NULL, NULL, NULL, NULL, 10.4806, -66.9036),
(44, 'nando43@hotmail.com', '$2a$10$hKSS7dbt6BcYw1fk5JAku.zFGJvRph2bseV99yatUAtPyN2BobpqO', NULL, NULL, NULL, 0, NULL, NULL, NULL, NULL, '2016-04-03 13:00:22', '2016-05-03 18:19:43', 'Fernando43', 'Martinez43', 'nando_02.jpg', 'image/jpeg', 102296, '2016-05-03 18:19:43', 'Caracas', 'Venezuela', 'Gerente de mercadeo', 'Diageo', NULL, NULL, NULL, NULL, NULL, NULL, 'male', NULL, NULL, NULL, NULL, NULL, NULL, 10.4806, -66.9036),
(45, 'nando44@hotmail.com', '$2a$10$qAcOGlPeOXaXjoCyUfFP9u/AzkfTkiluyFcUf7uHlYi2v7dPuTssC', NULL, NULL, NULL, 0, NULL, NULL, NULL, NULL, '2016-04-03 13:00:22', '2016-05-03 18:19:44', 'Fernando44', 'Martinez44', 'nando_02.jpg', 'image/jpeg', 102296, '2016-05-03 18:19:43', 'Caracas', 'Venezuela', 'Gerente de mercadeo', 'Diageo', NULL, NULL, NULL, NULL, NULL, NULL, 'male', NULL, NULL, NULL, NULL, NULL, NULL, 10.4806, -66.9036),
(46, 'nando45@hotmail.com', '$2a$10$VVAWG2FZ.DCdWeRJQONL5.U/YH1diyDqgj.ygJ/QHBh7fIXLBhqky', NULL, NULL, NULL, 0, NULL, NULL, NULL, NULL, '2016-04-03 13:00:23', '2016-05-03 18:19:45', 'Fernando45', 'Martinez45', 'nando_02.jpg', 'image/jpeg', 102296, '2016-05-03 18:19:44', 'Caracas', 'Venezuela', 'Gerente de mercadeo', 'Diageo', NULL, NULL, NULL, NULL, NULL, NULL, 'male', NULL, NULL, NULL, NULL, NULL, NULL, 10.4806, -66.9036),
(47, 'nando46@hotmail.com', '$2a$10$zO6C8HnUqCuCi6axvt6ZpOU8210fwfWjnL1ap6Dc7ykvLTvbMqyPK', NULL, NULL, NULL, 0, NULL, NULL, NULL, NULL, '2016-04-03 13:00:23', '2016-05-03 18:19:45', 'Fernando46', 'Martinez46', 'nando_02.jpg', 'image/jpeg', 102296, '2016-05-03 18:19:45', 'Caracas', 'Venezuela', 'Gerente de mercadeo', 'Diageo', NULL, NULL, NULL, NULL, NULL, NULL, 'male', NULL, NULL, NULL, NULL, NULL, NULL, 10.4806, -66.9036),
(48, 'nando47@hotmail.com', '$2a$10$QPOsvOXqeyRvA9ClQyDEcukn.pO0dRCB0rFpwqr6ajE5bNMMCb8bW', NULL, NULL, NULL, 0, NULL, NULL, NULL, NULL, '2016-04-03 13:00:23', '2016-05-03 18:19:46', 'Fernando47', 'Martinez47', 'nando_02.jpg', 'image/jpeg', 102296, '2016-05-03 18:19:45', 'Caracas', 'Venezuela', 'Gerente de mercadeo', 'Diageo', NULL, NULL, NULL, NULL, NULL, NULL, 'male', NULL, NULL, NULL, NULL, NULL, NULL, 10.4806, -66.9036),
(49, 'nando48@hotmail.com', '$2a$10$B.GrhU6g0wFvDqFEP5Vv4OcuPDKjr6NZxuJ3rZBPV7geqHzVtFa3m', NULL, NULL, NULL, 0, NULL, NULL, NULL, NULL, '2016-04-03 13:00:23', '2016-05-03 18:19:47', 'Fernando48', 'Martinez48', 'nando_02.jpg', 'image/jpeg', 102296, '2016-05-03 18:19:46', 'Caracas', 'Venezuela', 'Gerente de mercadeo', 'Diageo', NULL, NULL, NULL, NULL, NULL, NULL, 'male', NULL, NULL, NULL, NULL, NULL, NULL, 10.4806, -66.9036),
(50, 'nando49@hotmail.com', '$2a$10$fIVUUwXL5FiV7R4kwlVgieWCN52Ylrtcv9muierz4c4QDAuyiY142', NULL, NULL, NULL, 0, NULL, NULL, NULL, NULL, '2016-04-03 13:00:24', '2016-05-03 18:19:47', 'Fernando49', 'Martinez49', 'nando_02.jpg', 'image/jpeg', 102296, '2016-05-03 18:19:47', 'Caracas', 'Venezuela', 'Gerente de mercadeo', 'Diageo', NULL, NULL, NULL, NULL, NULL, NULL, 'male', NULL, NULL, NULL, NULL, NULL, NULL, 10.4806, -66.9036),
(51, 'nando50@hotmail.com', '$2a$10$30uWRVBgOp49NIkzP1xBXuq3UFwEq7bOh.BUQ.vyEwz5bE2xZ7kve', NULL, NULL, NULL, 0, NULL, NULL, NULL, NULL, '2016-04-03 13:00:24', '2016-05-03 18:19:48', 'Fernando50', 'Martinez50', 'nando_02.jpg', 'image/jpeg', 102296, '2016-05-03 18:19:47', 'Caracas', 'Venezuela', 'Gerente de mercadeo', 'Diageo', NULL, NULL, NULL, NULL, NULL, NULL, 'male', NULL, NULL, NULL, NULL, NULL, NULL, 10.4806, -66.9036),
(52, 'nando51@hotmail.com', '$2a$10$GksdBf6YvQRr4XFcg8R.7e9gjjq.JEW5VGaiGj.FhDtQEWnhdF9p.', NULL, NULL, NULL, 0, NULL, NULL, NULL, NULL, '2016-04-03 13:00:24', '2016-05-03 18:19:48', 'Fernando51', 'Martinez51', 'nando_02.jpg', 'image/jpeg', 102296, '2016-05-03 18:19:48', 'Caracas', 'Venezuela', 'Gerente de mercadeo', 'Diageo', NULL, NULL, NULL, NULL, NULL, NULL, 'male', NULL, NULL, NULL, NULL, NULL, NULL, 10.4806, -66.9036),
(53, 'nando52@hotmail.com', '$2a$10$0vW6CXSCgVGM22CdT8qaf.qQ9xx.OozOZaZokTP2q7iG/aAZyknzu', NULL, NULL, NULL, 0, NULL, NULL, NULL, NULL, '2016-04-03 13:00:24', '2016-05-03 18:19:49', 'Fernando52', 'Martinez52', 'nando_02.jpg', 'image/jpeg', 102296, '2016-05-03 18:19:48', 'Caracas', 'Venezuela', 'Gerente de mercadeo', 'Diageo', NULL, NULL, NULL, NULL, NULL, NULL, 'male', NULL, NULL, NULL, NULL, NULL, NULL, 10.4806, -66.9036),
(54, 'nando53@hotmail.com', '$2a$10$UUPvLtVEW.vQjTJlDrr52euOaw7Vk77C870YY41vkWViJlxAtTBl6', NULL, NULL, NULL, 0, NULL, NULL, NULL, NULL, '2016-04-03 13:00:25', '2016-05-03 18:19:50', 'Fernando53', 'Martinez53', 'nando_02.jpg', 'image/jpeg', 102296, '2016-05-03 18:19:49', 'Caracas', 'Venezuela', 'Gerente de mercadeo', 'Diageo', NULL, NULL, NULL, NULL, NULL, NULL, 'male', NULL, NULL, NULL, NULL, NULL, NULL, 10.4806, -66.9036),
(55, 'nando54@hotmail.com', '$2a$10$mxYwYLK49IuN5kb9MwFrF..1gPluSYLiu35W.pE052Gjt8feio7ny', NULL, NULL, NULL, 0, NULL, NULL, NULL, NULL, '2016-04-03 13:00:25', '2016-05-03 18:19:50', 'Fernando54', 'Martinez54', 'nando_02.jpg', 'image/jpeg', 102296, '2016-05-03 18:19:50', 'Caracas', 'Venezuela', 'Gerente de mercadeo', 'Diageo', NULL, NULL, NULL, NULL, NULL, NULL, 'male', NULL, NULL, NULL, NULL, NULL, NULL, 10.4806, -66.9036),
(56, 'nando55@hotmail.com', '$2a$10$US7rFcndBz824NlxRsOPL.me65W8CY7LM1X5guglyPB9Ax4CjnQoO', NULL, NULL, NULL, 0, NULL, NULL, NULL, NULL, '2016-04-03 13:00:25', '2016-05-03 18:19:51', 'Fernando55', 'Martinez55', 'nando_02.jpg', 'image/jpeg', 102296, '2016-05-03 18:19:50', 'Caracas', 'Venezuela', 'Gerente de mercadeo', 'Diageo', NULL, NULL, NULL, NULL, NULL, NULL, 'male', NULL, NULL, NULL, NULL, NULL, NULL, 10.4806, -66.9036),
(57, 'nando56@hotmail.com', '$2a$10$EtrVY76Lb2EQMUAcuzTo8.uByila4x0yqf6pMHGKSAYt2Y.L3sO7K', NULL, NULL, NULL, 0, NULL, NULL, NULL, NULL, '2016-04-03 13:00:26', '2016-05-03 18:19:51', 'Fernando56', 'Martinez56', 'nando_02.jpg', 'image/jpeg', 102296, '2016-05-03 18:19:51', 'Caracas', 'Venezuela', 'Gerente de mercadeo', 'Diageo', NULL, NULL, NULL, NULL, NULL, NULL, 'male', NULL, NULL, NULL, NULL, NULL, NULL, 10.4806, -66.9036),
(58, 'nando57@hotmail.com', '$2a$10$mJefpIMEBc1pwdBkfA.N2.3oJcrnzEol10pGHUu2NWXZCuPc5y352', NULL, NULL, NULL, 0, NULL, NULL, NULL, NULL, '2016-04-03 13:00:26', '2016-05-03 18:19:52', 'Fernando57', 'Martinez57', 'nando_02.jpg', 'image/jpeg', 102296, '2016-05-03 18:19:51', 'Caracas', 'Venezuela', 'Gerente de mercadeo', 'Diageo', NULL, NULL, NULL, NULL, NULL, NULL, 'male', NULL, NULL, NULL, NULL, NULL, NULL, 10.4806, -66.9036),
(59, 'nando58@hotmail.com', '$2a$10$0rxBDg7e2EpLyxX.66YbtOXUyN7.r8wQIJ0EuBqSQp5.z55EEII8W', NULL, NULL, NULL, 0, NULL, NULL, NULL, NULL, '2016-04-03 13:00:26', '2016-05-03 18:19:52', 'Fernando58', 'Martinez58', 'nando_02.jpg', 'image/jpeg', 102296, '2016-05-03 18:19:52', 'Caracas', 'Venezuela', 'Gerente de mercadeo', 'Diageo', NULL, NULL, NULL, NULL, NULL, NULL, 'male', NULL, NULL, NULL, NULL, NULL, NULL, 10.4806, -66.9036),
(60, 'nando59@hotmail.com', '$2a$10$FXEgN6IJwpDTgyev.QGwIOg9dxAwwrCCMNzATc4ZIptrr3/2QiBWW', NULL, NULL, NULL, 0, NULL, NULL, NULL, NULL, '2016-04-03 13:00:27', '2016-05-03 18:19:53', 'Fernando59', 'Martinez59', 'nando_02.jpg', 'image/jpeg', 102296, '2016-05-03 18:19:52', 'Caracas', 'Venezuela', 'Gerente de mercadeo', 'Diageo', NULL, NULL, NULL, NULL, NULL, NULL, 'male', NULL, NULL, NULL, NULL, NULL, NULL, 10.4806, -66.9036),
(61, 'nando60@hotmail.com', '$2a$10$xhtcEKzf26Iow297SXT0rus5NP2jDPUsr/qQ3PHww38saP7YQjejG', NULL, NULL, NULL, 0, NULL, NULL, NULL, NULL, '2016-04-03 13:00:27', '2016-05-03 18:19:53', 'Fernando60', 'Martinez60', 'nando_02.jpg', 'image/jpeg', 102296, '2016-05-03 18:19:53', 'Caracas', 'Venezuela', 'Gerente de mercadeo', 'Diageo', NULL, NULL, NULL, NULL, NULL, NULL, 'male', NULL, NULL, NULL, NULL, NULL, NULL, 10.4806, -66.9036),
(62, 'nando61@hotmail.com', '$2a$10$14rkUobjScO.W01B1eiy8u5pBgX/NQjJnoak1m5.KcEeojEiTs4eq', NULL, NULL, NULL, 0, NULL, NULL, NULL, NULL, '2016-04-03 13:00:27', '2016-05-03 18:19:54', 'Fernando61', 'Martinez61', 'nando_02.jpg', 'image/jpeg', 102296, '2016-05-03 18:19:53', 'Caracas', 'Venezuela', 'Gerente de mercadeo', 'Diageo', NULL, NULL, NULL, NULL, NULL, NULL, 'male', NULL, NULL, NULL, NULL, NULL, NULL, 10.4806, -66.9036),
(63, 'nando62@hotmail.com', '$2a$10$DVFQ9s8.OCsaAptD95sHy.sN3aEoEV2AkO1pIh6rtZGjh4oW.HmhW', NULL, NULL, NULL, 0, NULL, NULL, NULL, NULL, '2016-04-03 13:00:27', '2016-05-03 18:19:55', 'Fernando62', 'Martinez62', 'nando_02.jpg', 'image/jpeg', 102296, '2016-05-03 18:19:54', 'Caracas', 'Venezuela', 'Gerente de mercadeo', 'Diageo', NULL, NULL, NULL, NULL, NULL, NULL, 'male', NULL, NULL, NULL, NULL, NULL, NULL, 10.4806, -66.9036),
(64, 'nando63@hotmail.com', '$2a$10$yBPhoOjcaX94rw1yWbYeg.Y3eyH2FBFViwVm5RemYOmVyquKThq8S', NULL, NULL, NULL, 0, NULL, NULL, NULL, NULL, '2016-04-03 13:00:28', '2016-05-03 18:19:55', 'Fernando63', 'Martinez63', 'nando_02.jpg', 'image/jpeg', 102296, '2016-05-03 18:19:55', 'Caracas', 'Venezuela', 'Gerente de mercadeo', 'Diageo', NULL, NULL, NULL, NULL, NULL, NULL, 'male', NULL, NULL, NULL, NULL, NULL, NULL, 10.4806, -66.9036),
(65, 'nando64@hotmail.com', '$2a$10$cfR4DdE3Q03eq6zwG.awPe4XMfCuYv.3EjKC3hKv284.fZ/XnCc0q', NULL, NULL, NULL, 0, NULL, NULL, NULL, NULL, '2016-04-03 13:00:28', '2016-05-03 18:19:56', 'Fernando64', 'Martinez64', 'nando_02.jpg', 'image/jpeg', 102296, '2016-05-03 18:19:55', 'Caracas', 'Venezuela', 'Gerente de mercadeo', 'Diageo', NULL, NULL, NULL, NULL, NULL, NULL, 'male', NULL, NULL, NULL, NULL, NULL, NULL, 10.4806, -66.9036),
(67, 'nando66@hotmail.com', '$2a$10$AG6k3eTEpf69S66msdWUv.NX9YFyJNJRkLeqwMWspYhtnt320OpZK', NULL, NULL, NULL, 0, NULL, NULL, NULL, NULL, '2016-04-03 13:00:29', '2016-05-03 18:19:56', 'Fernando66', 'Martinez66', 'nando_02.jpg', 'image/jpeg', 102296, '2016-05-03 18:19:56', 'Caracas', 'Venezuela', 'Gerente de mercadeo', 'Diageo', NULL, NULL, NULL, NULL, NULL, NULL, 'male', NULL, NULL, NULL, NULL, NULL, NULL, 10.4806, -66.9036),
(68, 'nando67@hotmail.com', '$2a$10$cheNQwasB54faeZAVI/T.uAAPem3EaqDsMuYzFMQDV1RlE12D8uLe', NULL, NULL, NULL, 0, NULL, NULL, NULL, NULL, '2016-04-03 13:00:29', '2016-05-03 18:19:57', 'Fernando67', 'Martinez67', 'nando_02.jpg', 'image/jpeg', 102296, '2016-05-03 18:19:56', 'Caracas', 'Venezuela', 'Gerente de mercadeo', 'Diageo', NULL, NULL, NULL, NULL, NULL, NULL, 'male', NULL, NULL, NULL, NULL, NULL, NULL, 10.4806, -66.9036),
(69, 'nando68@hotmail.com', '$2a$10$/sodh3MKN2KoKAmjxtCVtuXhzqXXKMN9w7HxHyO29xZqVoFbAz3VW', NULL, NULL, NULL, 0, NULL, NULL, NULL, NULL, '2016-04-03 13:00:29', '2016-05-03 18:19:57', 'Fernando68', 'Martinez68', 'nando_02.jpg', 'image/jpeg', 102296, '2016-05-03 18:19:57', 'Caracas', 'Venezuela', 'Gerente de mercadeo', 'Diageo', NULL, NULL, NULL, NULL, NULL, NULL, 'male', NULL, NULL, NULL, NULL, NULL, NULL, 10.4806, -66.9036),
(70, 'nando69@hotmail.com', '$2a$10$IjAkalVrNm63ChSTuasPQepEy/25ncxRLOWw/iYwnH5j58LqAMck2', NULL, NULL, NULL, 0, NULL, NULL, NULL, NULL, '2016-04-03 13:00:30', '2016-05-03 18:19:58', 'Fernando69', 'Martinez69', 'nando_02.jpg', 'image/jpeg', 102296, '2016-05-03 18:19:57', 'Caracas', 'Venezuela', 'Gerente de mercadeo', 'Diageo', NULL, NULL, NULL, NULL, NULL, NULL, 'male', NULL, NULL, NULL, NULL, NULL, NULL, 10.4806, -66.9036),
(71, 'nando70@hotmail.com', '$2a$10$ye5yannT.EX7F1h6jwK8IObIn8UbJsAmnWJ4m..lZU2coicNaAFry', NULL, NULL, NULL, 0, NULL, NULL, NULL, NULL, '2016-04-03 13:00:30', '2016-05-03 18:19:59', 'Fernando70', 'Martinez70', 'nando_02.jpg', 'image/jpeg', 102296, '2016-05-03 18:19:58', 'Caracas', 'Venezuela', 'Gerente de mercadeo', 'Diageo', NULL, NULL, NULL, NULL, NULL, NULL, 'male', NULL, NULL, NULL, NULL, NULL, NULL, 10.4806, -66.9036),
(72, 'nando71@hotmail.com', '$2a$10$2ueL7s3id3VbvjF1VRP6ZelJFqN0rH.KAc62PrQ6RBcSYYCFyyBUm', NULL, NULL, NULL, 0, NULL, NULL, NULL, NULL, '2016-04-03 13:00:30', '2016-05-03 18:19:59', 'Fernando71', 'Martinez71', 'nando_02.jpg', 'image/jpeg', 102296, '2016-05-03 18:19:59', 'Caracas', 'Venezuela', 'Gerente de mercadeo', 'Diageo', NULL, NULL, NULL, NULL, NULL, NULL, 'male', NULL, NULL, NULL, NULL, NULL, NULL, 10.4806, -66.9036),
(73, 'nando72@hotmail.com', '$2a$10$UTatmNVSBggQaK/62e/z1esbjaWLvVK54ae4aE6guNfm6IXtS4biK', NULL, NULL, NULL, 0, NULL, NULL, NULL, NULL, '2016-04-03 13:00:30', '2016-05-03 18:20:00', 'Fernando72', 'Martinez72', 'nando_02.jpg', 'image/jpeg', 102296, '2016-05-03 18:19:59', 'Caracas', 'Venezuela', 'Gerente de mercadeo', 'Diageo', NULL, NULL, NULL, NULL, NULL, NULL, 'male', NULL, NULL, NULL, NULL, NULL, NULL, 10.4806, -66.9036),
(74, 'nando73@hotmail.com', '$2a$10$sd3VaujlIITK4EImEzcbo.6aq0gcQCepBbvwsyW2ZCrz05TQk02Km', NULL, NULL, NULL, 0, NULL, NULL, NULL, NULL, '2016-04-03 13:00:31', '2016-05-03 18:20:00', 'Fernando73', 'Martinez73', 'nando_02.jpg', 'image/jpeg', 102296, '2016-05-03 18:20:00', 'Caracas', 'Venezuela', 'Gerente de mercadeo', 'Diageo', NULL, NULL, NULL, NULL, NULL, NULL, 'male', NULL, NULL, NULL, NULL, NULL, NULL, 10.4806, -66.9036),
(75, 'nando74@hotmail.com', '$2a$10$tVJO.alS/4trWmCL0V8/neV5bkwan1d7MF.zaAHzAlB.ozYnhfK4i', NULL, NULL, NULL, 0, NULL, NULL, NULL, NULL, '2016-04-03 13:00:31', '2016-05-03 18:20:01', 'Fernando74', 'Martinez74', 'nando_02.jpg', 'image/jpeg', 102296, '2016-05-03 18:20:00', 'Caracas', 'Venezuela', 'Gerente de mercadeo', 'Diageo', NULL, NULL, NULL, NULL, NULL, NULL, 'male', NULL, NULL, NULL, NULL, NULL, NULL, 10.4806, -66.9036),
(76, 'nando75@hotmail.com', '$2a$10$wnIbe8QV3e3zNoTSf09vi.WRmNKW3x358C2dCHEpQT4oJXe2gGXKO', NULL, NULL, NULL, 0, NULL, NULL, NULL, NULL, '2016-04-03 13:00:31', '2016-05-03 18:20:01', 'Fernando75', 'Martinez75', 'nando_02.jpg', 'image/jpeg', 102296, '2016-05-03 18:20:01', 'Caracas', 'Venezuela', 'Gerente de mercadeo', 'Diageo', NULL, NULL, NULL, NULL, NULL, NULL, 'male', NULL, NULL, NULL, NULL, NULL, NULL, 10.4806, -66.9036),
(77, 'nando76@hotmail.com', '$2a$10$utX9gSLaizHJgtwD4BxW0OsqBWTk5/0QE5Lghma3ks2vfFVfOBgGS', NULL, NULL, NULL, 0, NULL, NULL, NULL, NULL, '2016-04-03 13:00:32', '2016-05-03 18:20:02', 'Fernando76', 'Martinez76', 'nando_02.jpg', 'image/jpeg', 102296, '2016-05-03 18:20:01', 'Caracas', 'Venezuela', 'Gerente de mercadeo', 'Diageo', NULL, NULL, NULL, NULL, NULL, NULL, 'male', NULL, NULL, NULL, NULL, NULL, NULL, 10.4806, -66.9036),
(78, 'nando77@hotmail.com', '$2a$10$vwz88YNKq6XFAbLaHMFZceZtfw9yT31wJ0pbjTvIkptIQSkJ9YGxu', NULL, NULL, NULL, 0, NULL, NULL, NULL, NULL, '2016-04-03 13:00:32', '2016-05-03 18:20:02', 'Fernando77', 'Martinez77', 'nando_02.jpg', 'image/jpeg', 102296, '2016-05-03 18:20:02', 'Caracas', 'Venezuela', 'Gerente de mercadeo', 'Diageo', NULL, NULL, NULL, NULL, NULL, NULL, 'male', NULL, NULL, NULL, NULL, NULL, NULL, 10.4806, -66.9036),
(79, 'nando78@hotmail.com', '$2a$10$GT4YgJtI1NvZbbufZK5np.iubuhdkJcZqT/WXY800g.tpicsUddN.', NULL, NULL, NULL, 0, NULL, NULL, NULL, NULL, '2016-04-03 13:00:32', '2016-05-03 18:20:03', 'Fernando78', 'Martinez78', 'nando_02.jpg', 'image/jpeg', 102296, '2016-05-03 18:20:02', 'Caracas', 'Venezuela', 'Gerente de mercadeo', 'Diageo', NULL, NULL, NULL, NULL, NULL, NULL, 'male', NULL, NULL, NULL, NULL, NULL, NULL, 10.4806, -66.9036),
(80, 'nando79@hotmail.com', '$2a$10$3OklVgeH36D5uOjnOrOl4uCPCu1HssiMlhkl9eQ6VMt5XLoJBmUQO', NULL, NULL, NULL, 0, NULL, NULL, NULL, NULL, '2016-04-03 13:00:32', '2016-05-03 18:20:04', 'Fernando79', 'Martinez79', 'nando_02.jpg', 'image/jpeg', 102296, '2016-05-03 18:20:03', 'Caracas', 'Venezuela', 'Gerente de mercadeo', 'Diageo', NULL, NULL, NULL, NULL, NULL, NULL, 'male', NULL, NULL, NULL, NULL, NULL, NULL, 10.4806, -66.9036),
(81, 'nando80@hotmail.com', '$2a$10$7tOYKKlw9TpSt.CpB7Uz7uWfesSF/g6N3O1L29xPFYmZYwtyL2NJS', NULL, NULL, NULL, 0, NULL, NULL, NULL, NULL, '2016-04-03 13:00:33', '2016-05-03 18:20:04', 'Fernando80', 'Martinez80', 'nando_02.jpg', 'image/jpeg', 102296, '2016-05-03 18:20:04', 'Caracas', 'Venezuela', 'Gerente de mercadeo', 'Diageo', NULL, NULL, NULL, NULL, NULL, NULL, 'male', NULL, NULL, NULL, NULL, NULL, NULL, 10.4806, -66.9036),
(82, 'nando81@hotmail.com', '$2a$10$8CEZCWNU8zVpgsglBLTZjunvPW.1syCxlnQMPAcqyu6sCyAl/KRLm', NULL, NULL, NULL, 0, NULL, NULL, NULL, NULL, '2016-04-03 13:00:33', '2016-05-03 18:20:05', 'Fernando81', 'Martinez81', 'nando_02.jpg', 'image/jpeg', 102296, '2016-05-03 18:20:05', 'Caracas', 'Venezuela', 'Gerente de mercadeo', 'Diageo', NULL, NULL, NULL, NULL, NULL, NULL, 'male', NULL, NULL, NULL, NULL, NULL, NULL, 10.4806, -66.9036),
(83, 'nando82@hotmail.com', '$2a$10$9ptryJGTN7tfGeTK0uMyVOGfgWo6CNMAEYLRF.FuGqP2jNMt6DWMG', NULL, NULL, NULL, 0, NULL, NULL, NULL, NULL, '2016-04-03 13:00:33', '2016-05-03 18:20:06', 'Fernando82', 'Martinez82', 'nando_02.jpg', 'image/jpeg', 102296, '2016-05-03 18:20:05', 'Caracas', 'Venezuela', 'Gerente de mercadeo', 'Diageo', NULL, NULL, NULL, NULL, NULL, NULL, 'male', NULL, NULL, NULL, NULL, NULL, NULL, 10.4806, -66.9036),
(84, 'nando83@hotmail.com', '$2a$10$/wwx1MujDFjeD.wuqQIqz.m4S/6Rk7bfVIabNKKowswnBO4aM.iyi', NULL, NULL, NULL, 0, NULL, NULL, NULL, NULL, '2016-04-03 13:00:33', '2016-05-03 18:20:06', 'Fernando83', 'Martinez83', 'nando_02.jpg', 'image/jpeg', 102296, '2016-05-03 18:20:06', 'Caracas', 'Venezuela', 'Gerente de mercadeo', 'Diageo', NULL, NULL, NULL, NULL, NULL, NULL, 'male', NULL, NULL, NULL, NULL, NULL, NULL, 10.4806, -66.9036),
(85, 'nando84@hotmail.com', '$2a$10$pnzj4.nLp4sxA2k5.H2sz.2f9F7IZyTmj7fYZkmvJ8g7TIzlV26L6', NULL, NULL, NULL, 0, NULL, NULL, NULL, NULL, '2016-04-03 13:00:34', '2016-05-03 18:20:07', 'Fernando84', 'Martinez84', 'nando_02.jpg', 'image/jpeg', 102296, '2016-05-03 18:20:06', 'Caracas', 'Venezuela', 'Gerente de mercadeo', 'Diageo', NULL, NULL, NULL, NULL, NULL, NULL, 'male', NULL, NULL, NULL, NULL, NULL, NULL, 10.4806, -66.9036),
(86, 'nando85@hotmail.com', '$2a$10$EwBT.ExHRHuZUBGsfIhrZOdYTY0nj1BrGt2ADEuITeGaKhhu7cSK2', NULL, NULL, NULL, 0, NULL, NULL, NULL, NULL, '2016-04-03 13:00:34', '2016-05-03 18:20:08', 'Fernando85', 'Martinez85', 'nando_02.jpg', 'image/jpeg', 102296, '2016-05-03 18:20:07', 'Caracas', 'Venezuela', 'Gerente de mercadeo', 'Diageo', NULL, NULL, NULL, NULL, NULL, NULL, 'male', NULL, NULL, NULL, NULL, NULL, NULL, 10.4806, -66.9036),
(87, 'nando86@hotmail.com', '$2a$10$USg1VL.tq2Hrrk7xpk/SDuoQUb4aIUujmqTkBc7kmdpKwrbb86tQO', NULL, NULL, NULL, 0, NULL, NULL, NULL, NULL, '2016-04-03 13:00:34', '2016-05-03 18:20:08', 'Fernando86', 'Martinez86', 'nando_02.jpg', 'image/jpeg', 102296, '2016-05-03 18:20:08', 'Caracas', 'Venezuela', 'Gerente de mercadeo', 'Diageo', NULL, NULL, NULL, NULL, NULL, NULL, 'male', NULL, NULL, NULL, NULL, NULL, NULL, 10.4806, -66.9036),
(88, 'nando87@hotmail.com', '$2a$10$Ijgywnlu4VsGAFtdWNy0sepFrUsGHbfML2odR.FFmrRmsZyiteXhK', NULL, NULL, NULL, 0, NULL, NULL, NULL, NULL, '2016-04-03 13:00:35', '2016-05-03 18:20:09', 'Fernando87', 'Martinez87', 'nando_02.jpg', 'image/jpeg', 102296, '2016-05-03 18:20:08', 'Caracas', 'Venezuela', 'Gerente de mercadeo', 'Diageo', NULL, NULL, NULL, NULL, NULL, NULL, 'male', NULL, NULL, NULL, NULL, NULL, NULL, 10.4806, -66.9036),
(89, 'nando88@hotmail.com', '$2a$10$ejA2K9oY06Hh2E5bkq01veDcvueSCYHYvacYqsImDYGGBjYTeOHbW', NULL, NULL, NULL, 0, NULL, NULL, NULL, NULL, '2016-04-03 13:00:35', '2016-05-03 18:20:09', 'Fernando88', 'Martinez88', 'nando_02.jpg', 'image/jpeg', 102296, '2016-05-03 18:20:09', 'Caracas', 'Venezuela', 'Gerente de mercadeo', 'Diageo', NULL, NULL, NULL, NULL, NULL, NULL, 'male', NULL, NULL, NULL, NULL, NULL, NULL, 10.4806, -66.9036),
(90, 'nando89@hotmail.com', '$2a$10$Akt6Lb4TypnoiJXnwHF/ZOnj3745yqWQ81ScBpKv7Tkf.EOFfoFrK', NULL, NULL, NULL, 0, NULL, NULL, NULL, NULL, '2016-04-03 13:00:35', '2016-05-03 18:20:10', 'Fernando89', 'Martinez89', 'nando_02.jpg', 'image/jpeg', 102296, '2016-05-03 18:20:09', 'Caracas', 'Venezuela', 'Gerente de mercadeo', 'Diageo', NULL, NULL, NULL, NULL, NULL, NULL, 'male', NULL, NULL, NULL, NULL, NULL, NULL, 10.4806, -66.9036),
(91, 'nando90@hotmail.com', '$2a$10$PwCrcN8ETEEQ/vkFx8WfGe8PelZWpoYO6zLKHdiRplwkuxxCaniFu', NULL, NULL, NULL, 0, NULL, NULL, NULL, NULL, '2016-04-03 13:00:36', '2016-05-03 18:20:11', 'Fernando90', 'Martinez90', 'nando_02.jpg', 'image/jpeg', 102296, '2016-05-03 18:20:10', 'Caracas', 'Venezuela', 'Gerente de mercadeo', 'Diageo', NULL, NULL, NULL, NULL, NULL, NULL, 'male', NULL, NULL, NULL, NULL, NULL, NULL, 10.4806, -66.9036),
(92, 'nando91@hotmail.com', '$2a$10$s1YcqDEK8ZbTUyg4hQ/TbuRZdasIlRKwIdxWWKS7ni9YJKc0VOxjO', NULL, NULL, NULL, 0, NULL, NULL, NULL, NULL, '2016-04-03 13:00:36', '2016-05-03 18:20:11', 'Fernando91', 'Martinez91', 'nando_02.jpg', 'image/jpeg', 102296, '2016-05-03 18:20:11', 'Caracas', 'Venezuela', 'Gerente de mercadeo', 'Diageo', NULL, NULL, NULL, NULL, NULL, NULL, 'male', NULL, NULL, NULL, NULL, NULL, NULL, 10.4806, -66.9036),
(93, 'nando92@hotmail.com', '$2a$10$kTwsxkf77903RyCZgqCpVeymPoUFJmBCrUWxRVmFfHJHVZ3UvMjF.', NULL, NULL, NULL, 0, NULL, NULL, NULL, NULL, '2016-04-03 13:00:36', '2016-05-03 18:20:12', 'Fernando92', 'Martinez92', 'nando_02.jpg', 'image/jpeg', 102296, '2016-05-03 18:20:11', 'Caracas', 'Venezuela', 'Gerente de mercadeo', 'Diageo', NULL, NULL, NULL, NULL, NULL, NULL, 'male', NULL, NULL, NULL, NULL, NULL, NULL, 10.4806, -66.9036),
(94, 'nando93@hotmail.com', '$2a$10$kSQx8NWx0IGIzmeP3tt4peQo/uqdoToNtUyujYbVBJWi0Ix9tq82m', NULL, NULL, NULL, 0, NULL, NULL, NULL, NULL, '2016-04-03 13:00:36', '2016-05-03 18:20:13', 'Fernando93', 'Martinez93', 'nando_02.jpg', 'image/jpeg', 102296, '2016-05-03 18:20:12', 'Caracas', 'Venezuela', 'Gerente de mercadeo', 'Diageo', NULL, NULL, NULL, NULL, NULL, NULL, 'male', NULL, NULL, NULL, NULL, NULL, NULL, 10.4806, -66.9036),
(95, 'nando94@hotmail.com', '$2a$10$AHjeO5E3Lvs.F/bLfc0CGObHM9z.dLwBTV8lfIjVIYlN7FKcywBLe', NULL, NULL, NULL, 0, NULL, NULL, NULL, NULL, '2016-04-03 13:00:37', '2016-05-03 18:20:13', 'Fernando94', 'Martinez94', 'nando_02.jpg', 'image/jpeg', 102296, '2016-05-03 18:20:13', 'Caracas', 'Venezuela', 'Gerente de mercadeo', 'Diageo', NULL, NULL, NULL, NULL, NULL, NULL, 'male', NULL, NULL, NULL, NULL, NULL, NULL, 10.4806, -66.9036),
(96, 'nando95@hotmail.com', '$2a$10$BCrbTsU3OqM.kQ0cWXYYb.a73X6QWrH4lSkdK4n15/ROrcuv..PeW', NULL, NULL, NULL, 0, NULL, NULL, NULL, NULL, '2016-04-03 13:00:37', '2016-05-03 18:20:14', 'Fernando95', 'Martinez95', 'nando_02.jpg', 'image/jpeg', 102296, '2016-05-03 18:20:13', 'Caracas', 'Venezuela', 'Gerente de mercadeo', 'Diageo', NULL, NULL, NULL, NULL, NULL, NULL, 'male', NULL, NULL, NULL, NULL, NULL, NULL, 10.4806, -66.9036),
(97, 'nando96@hotmail.com', '$2a$10$h.v3pue4S9oIU7EBqFaqLOJTL5Mjc.peAEWPBnuIxaZ/EEozA7RaC', NULL, NULL, NULL, 0, NULL, NULL, NULL, NULL, '2016-04-03 13:00:37', '2016-05-03 18:20:15', 'Fernando96', 'Martinez96', 'nando_02.jpg', 'image/jpeg', 102296, '2016-05-03 18:20:14', 'Caracas', 'Venezuela', 'Gerente de mercadeo', 'Diageo', NULL, NULL, NULL, NULL, NULL, NULL, 'male', NULL, NULL, NULL, NULL, NULL, NULL, 10.4806, -66.9036),
(98, 'nando97@hotmail.com', '$2a$10$Bty/Q27m1th1r4X52DvOP.QiskcKlmpNw1qH1QnkboXPQDp95iuoG', NULL, NULL, NULL, 0, NULL, NULL, NULL, NULL, '2016-04-03 13:00:37', '2016-05-03 18:20:16', 'Fernando97', 'Martinez97', 'nando_02.jpg', 'image/jpeg', 102296, '2016-05-03 18:20:15', 'Caracas', 'Venezuela', 'Gerente de mercadeo', 'Diageo', NULL, NULL, NULL, NULL, NULL, NULL, 'male', NULL, NULL, NULL, NULL, NULL, NULL, 10.4806, -66.9036),
(99, 'nando98@hotmail.com', '$2a$10$cTPCM2Va/LfLS3qo5Qu4rOEFIhgogrNbalRLmOWt0xgkNICz99O2y', NULL, NULL, NULL, 0, NULL, NULL, NULL, NULL, '2016-04-03 13:00:38', '2016-05-03 18:20:16', 'Fernando98', 'Martinez98', 'nando_02.jpg', 'image/jpeg', 102296, '2016-05-03 18:20:16', 'Caracas', 'Venezuela', 'Gerente de mercadeo', 'Diageo', NULL, NULL, NULL, NULL, NULL, NULL, 'male', NULL, NULL, NULL, NULL, NULL, NULL, 10.4806, -66.9036),
(100, 'nando99@hotmail.com', '$2a$10$ns97UIgyXUwb0k.b8VBrD.7jU05/cxI5/0t4qznrKHcrQ3JLcJ2ie', NULL, NULL, NULL, 0, NULL, NULL, NULL, NULL, '2016-04-03 13:00:38', '2016-05-03 18:20:17', 'Fernando99', 'Martinez99', 'nando_02.jpg', 'image/jpeg', 102296, '2016-05-03 18:20:16', 'Caracas', 'Venezuela', 'Gerente de mercadeo', 'Diageo', NULL, NULL, NULL, NULL, NULL, NULL, 'male', NULL, NULL, NULL, NULL, NULL, NULL, 10.4806, -66.9036),
(101, 'nando100@hotmail.com', '$2a$10$aRoXBJYVpNsYp/0SO3YIw.HSBechJBX8WBhRquQKd4.3/ruf3XRVS', NULL, NULL, NULL, 0, NULL, NULL, NULL, NULL, '2016-04-03 13:00:38', '2016-05-03 18:20:18', 'Fernando100', 'Martinez100', 'nando_02.jpg', 'image/jpeg', 102296, '2016-05-03 18:20:17', 'Caracas', 'Venezuela', 'Gerente de mercadeo', 'Diageo', NULL, NULL, NULL, NULL, NULL, NULL, 'male', NULL, NULL, NULL, NULL, NULL, NULL, 10.4806, -66.9036),
(102, 'nando102@hotmail.com', '$2a$10$RraXEjDmM5i9OMWx1reCSeffxb./Q40hB2AC0D/L27bKdJ2qrr9rO', NULL, NULL, NULL, 0, NULL, NULL, NULL, NULL, '2016-04-03 19:37:50', '2016-05-03 18:20:18', 'Fernando', 'Martinez102', 'nando_02.jpg', 'image/jpeg', 102296, '2016-05-03 18:20:18', 'Caracas', NULL, 'Gerente de mercadeo', 'Diageo', NULL, NULL, NULL, NULL, NULL, NULL, 'male', NULL, NULL, NULL, NULL, NULL, NULL, 10.4806, -66.9036),
(103, 'nando103@hotmail.com', '$2a$10$YL5i4lQx9n1DYrMvUSpwC.tx.OuFrjqQ.fssm.g3D44zHyKONC6y2', NULL, NULL, NULL, 0, NULL, NULL, NULL, NULL, '2016-04-03 19:40:37', '2016-05-03 18:20:19', 'Fernando', 'Martinez103', 'nando_02.jpg', 'image/jpeg', 102296, '2016-05-03 18:20:18', 'Caracas', NULL, 'Gerente de mercadeo', 'Diageo', NULL, NULL, NULL, NULL, NULL, NULL, 'male', NULL, NULL, NULL, NULL, NULL, NULL, 10.4806, -66.9036),
(106, 'nando106@hotmail.com', '$2a$10$7UImoiYBiTTX5e79OILpqe7YYxUbq1lZ6l3D58zl62YNF2ioLrbje', NULL, NULL, NULL, 0, NULL, NULL, NULL, NULL, '2016-04-03 19:44:52', '2016-05-03 18:20:19', 'Fernando', 'Martinez106', 'nando_02.jpg', 'image/jpeg', 102296, '2016-05-03 18:20:19', 'Caracas', NULL, 'Gerente de mercadeo', 'Diageo', NULL, NULL, NULL, NULL, NULL, NULL, 'male', NULL, NULL, NULL, NULL, NULL, NULL, 10.4806, -66.9036),
(143, 'marcom94', 'a', NULL, NULL, NULL, 0, NULL, NULL, NULL, NULL, '2016-05-18 00:00:00', '2016-05-18 00:00:00', 'marco', 'martinez', NULL, NULL, NULL, NULL, 'miami', NULL, NULL, NULL, NULL, NULL, NULL, NULL, NULL, NULL, 'male', NULL, NULL, NULL, NULL, NULL, NULL, 10.4806, -66.9036),
(155, 'nando65@hotmail.com', '$2a$10$S7DmqiYReXSQjiJ2ViK4ZO0OLQvatsACLcUo1PRmp1laMwuZoA9Um', NULL, NULL, NULL, 1, '2016-05-07 13:02:35', '2016-05-07 13:02:35', '::1', '::1', '2016-05-07 13:02:35', '2016-05-07 14:26:00', 'Fernando', 'Martinez', 'open-uri20160507-88523-hgt4nx', 'image/jpeg', 11740, '2016-05-07 13:02:34', 'Caracas', NULL, NULL, NULL, NULL, 1, NULL, NULL, NULL, NULL, 'male', NULL, NULL, NULL, NULL, 'facebook', '10154122033123658', 10.4806, -66.9036);

--
-- Indexes for dumped tables
--

--
-- Indexes for table `advises`
--
ALTER TABLE `advises`
  ADD PRIMARY KEY (`id`);

--
-- Indexes for table `affinities`
--
ALTER TABLE `affinities`
  ADD PRIMARY KEY (`id`);

--
-- Indexes for table `comments`
--
ALTER TABLE `comments`
  ADD PRIMARY KEY (`id`);

--
-- Indexes for table `endorsements`
--
ALTER TABLE `endorsements`
  ADD PRIMARY KEY (`id`);

--
-- Indexes for table `endorses`
--
ALTER TABLE `endorses`
  ADD PRIMARY KEY (`id`);

--
-- Indexes for table `follows`
--
ALTER TABLE `follows`
  ADD PRIMARY KEY (`id`);

--
-- Indexes for table `likes`
--
ALTER TABLE `likes`
  ADD PRIMARY KEY (`id`);

--
-- Indexes for table `locations`
--
ALTER TABLE `locations`
  ADD PRIMARY KEY (`id`);

--
-- Indexes for table `notifications`
--
ALTER TABLE `notifications`
  ADD PRIMARY KEY (`id`);

--
-- Indexes for table `posts`
--
ALTER TABLE `posts`
  ADD PRIMARY KEY (`id`);

--
-- Indexes for table `privacies`
--
ALTER TABLE `privacies`
  ADD PRIMARY KEY (`id`);

--
-- Indexes for table `problems`
--
ALTER TABLE `problems`
  ADD PRIMARY KEY (`id`);

--
-- Indexes for table `schema_migrations`
--
ALTER TABLE `schema_migrations`
  ADD UNIQUE KEY `unique_schema_migrations` (`version`);

--
-- Indexes for table `terms`
--
ALTER TABLE `terms`
  ADD PRIMARY KEY (`id`);

--
-- Indexes for table `users`
--
ALTER TABLE `users`
  ADD PRIMARY KEY (`id`),
  ADD UNIQUE KEY `index_users_on_email` (`email`),
  ADD UNIQUE KEY `index_users_on_reset_password_token` (`reset_password_token`);

--
-- AUTO_INCREMENT for dumped tables
--

--
-- AUTO_INCREMENT for table `advises`
--
ALTER TABLE `advises`
  MODIFY `id` int(11) NOT NULL AUTO_INCREMENT, AUTO_INCREMENT=50;
--
-- AUTO_INCREMENT for table `affinities`
--
ALTER TABLE `affinities`
  MODIFY `id` int(11) NOT NULL AUTO_INCREMENT, AUTO_INCREMENT=4;
--
-- AUTO_INCREMENT for table `comments`
--
ALTER TABLE `comments`
  MODIFY `id` int(11) NOT NULL AUTO_INCREMENT, AUTO_INCREMENT=23;
--
-- AUTO_INCREMENT for table `endorsements`
--
ALTER TABLE `endorsements`
  MODIFY `id` int(11) NOT NULL AUTO_INCREMENT, AUTO_INCREMENT=413;
--
-- AUTO_INCREMENT for table `endorses`
--
ALTER TABLE `endorses`
  MODIFY `id` int(11) NOT NULL AUTO_INCREMENT, AUTO_INCREMENT=76;
--
-- AUTO_INCREMENT for table `follows`
--
ALTER TABLE `follows`
  MODIFY `id` int(11) NOT NULL AUTO_INCREMENT, AUTO_INCREMENT=130;
--
-- AUTO_INCREMENT for table `likes`
--
ALTER TABLE `likes`
  MODIFY `id` int(11) NOT NULL AUTO_INCREMENT, AUTO_INCREMENT=59;
--
-- AUTO_INCREMENT for table `locations`
--
ALTER TABLE `locations`
  MODIFY `id` int(11) NOT NULL AUTO_INCREMENT, AUTO_INCREMENT=3;
--
-- AUTO_INCREMENT for table `notifications`
--
ALTER TABLE `notifications`
  MODIFY `id` int(11) NOT NULL AUTO_INCREMENT, AUTO_INCREMENT=342;
--
-- AUTO_INCREMENT for table `posts`
--
ALTER TABLE `posts`
  MODIFY `id` int(11) NOT NULL AUTO_INCREMENT, AUTO_INCREMENT=83;
--
-- AUTO_INCREMENT for table `privacies`
--
ALTER TABLE `privacies`
  MODIFY `id` int(11) NOT NULL AUTO_INCREMENT;
--
-- AUTO_INCREMENT for table `problems`
--
ALTER TABLE `problems`
  MODIFY `id` int(11) NOT NULL AUTO_INCREMENT, AUTO_INCREMENT=3;
--
-- AUTO_INCREMENT for table `terms`
--
ALTER TABLE `terms`
  MODIFY `id` int(11) NOT NULL AUTO_INCREMENT;
--
-- AUTO_INCREMENT for table `users`
--
ALTER TABLE `users`
  MODIFY `id` int(11) NOT NULL AUTO_INCREMENT, AUTO_INCREMENT=156;--
-- Database: `qbe_test`
--
CREATE DATABASE IF NOT EXISTS `qbe_test` DEFAULT CHARACTER SET utf8 COLLATE utf8_unicode_ci;
USE `qbe_test`;

/*!40101 SET CHARACTER_SET_CLIENT=@OLD_CHARACTER_SET_CLIENT */;
/*!40101 SET CHARACTER_SET_RESULTS=@OLD_CHARACTER_SET_RESULTS */;
/*!40101 SET COLLATION_CONNECTION=@OLD_COLLATION_CONNECTION */;
