-- MySQL dump 10.13  Distrib 5.7.11, for osx10.11 (x86_64)
--
-- Host: localhost    Database: qbe_development
-- ------------------------------------------------------
-- Server version	5.7.11

/*!40101 SET @OLD_CHARACTER_SET_CLIENT=@@CHARACTER_SET_CLIENT */;
/*!40101 SET @OLD_CHARACTER_SET_RESULTS=@@CHARACTER_SET_RESULTS */;
/*!40101 SET @OLD_COLLATION_CONNECTION=@@COLLATION_CONNECTION */;
/*!40101 SET NAMES utf8 */;
/*!40103 SET @OLD_TIME_ZONE=@@TIME_ZONE */;
/*!40103 SET TIME_ZONE='+00:00' */;
/*!40014 SET @OLD_UNIQUE_CHECKS=@@UNIQUE_CHECKS, UNIQUE_CHECKS=0 */;
/*!40014 SET @OLD_FOREIGN_KEY_CHECKS=@@FOREIGN_KEY_CHECKS, FOREIGN_KEY_CHECKS=0 */;
/*!40101 SET @OLD_SQL_MODE=@@SQL_MODE, SQL_MODE='NO_AUTO_VALUE_ON_ZERO' */;
/*!40111 SET @OLD_SQL_NOTES=@@SQL_NOTES, SQL_NOTES=0 */;

--
-- Table structure for table `advises`
--

DROP TABLE IF EXISTS `advises`;
/*!40101 SET @saved_cs_client     = @@character_set_client */;
/*!40101 SET character_set_client = utf8 */;
CREATE TABLE `advises` (
  `id` int(11) NOT NULL AUTO_INCREMENT,
  `gives_advice_to` int(11) NOT NULL,
  `receives_advice_from` int(11) NOT NULL,
  `created_at` datetime NOT NULL,
  `updated_at` datetime NOT NULL,
  `advise` text COLLATE utf8_unicode_ci,
  PRIMARY KEY (`id`)
) ENGINE=InnoDB AUTO_INCREMENT=17 DEFAULT CHARSET=utf8 COLLATE=utf8_unicode_ci;
/*!40101 SET character_set_client = @saved_cs_client */;

--
-- Dumping data for table `advises`
--

LOCK TABLES `advises` WRITE;
/*!40000 ALTER TABLE `advises` DISABLE KEYS */;
INSERT INTO `advises` VALUES (3,1,2,'2016-04-03 15:45:26','2016-04-03 15:45:26','Este consejo se lo da user 1 a user 2'),(4,2,1,'2016-04-03 15:45:53','2016-04-03 15:45:53','Este consejo se lo da user 2 a user 1'),(5,2,1,'2016-04-03 15:46:36','2016-04-03 15:46:36','SEGUNDOOO consejo que le da user 2 a user 1'),(8,3,1,'2016-04-04 10:51:48','2016-04-04 10:51:48','El user 3 aconseja a user 1'),(13,3,2,'2016-04-04 11:12:30','2016-04-04 11:12:30','El user 3 aconseja a user 2'),(14,126,126,'2016-04-18 03:09:28','2016-04-18 03:09:28',''),(15,126,126,'2016-04-18 03:09:56','2016-04-18 03:09:56','a verrr'),(16,126,126,'2016-04-18 12:45:17','2016-04-18 12:45:17','hola');
/*!40000 ALTER TABLE `advises` ENABLE KEYS */;
UNLOCK TABLES;

--
-- Table structure for table `affinities`
--

DROP TABLE IF EXISTS `affinities`;
/*!40101 SET @saved_cs_client     = @@character_set_client */;
/*!40101 SET character_set_client = utf8 */;
CREATE TABLE `affinities` (
  `id` int(11) NOT NULL AUTO_INCREMENT,
  `created_at` datetime NOT NULL,
  `updated_at` datetime NOT NULL,
  `level` int(11) DEFAULT NULL,
  `affinity_description` text COLLATE utf8_unicode_ci,
  PRIMARY KEY (`id`)
) ENGINE=InnoDB AUTO_INCREMENT=4 DEFAULT CHARSET=utf8 COLLATE=utf8_unicode_ci;
/*!40101 SET character_set_client = @saved_cs_client */;

--
-- Dumping data for table `affinities`
--

LOCK TABLES `affinities` WRITE;
/*!40000 ALTER TABLE `affinities` DISABLE KEYS */;
INSERT INTO `affinities` VALUES (1,'2016-04-14 13:28:26','2016-04-14 13:28:26',1,'First level of affinity (the people who  better know you such as direct family, bff, boyfriend or girlfriend)'),(2,'2016-04-14 13:29:09','2016-04-14 13:29:09',2,'Second level of affinity (the ones who know you but not enough to know your secrets.. friends, cousins, sport buddies, close neighbor)'),(3,'2016-04-14 13:31:12','2016-04-14 13:31:12',3,'Third level of affinity (those who barely know you but can say in a simple manner who you are.. such as classmates, random neighbors, workmate, etc)');
/*!40000 ALTER TABLE `affinities` ENABLE KEYS */;
UNLOCK TABLES;

--
-- Table structure for table `comments`
--

DROP TABLE IF EXISTS `comments`;
/*!40101 SET @saved_cs_client     = @@character_set_client */;
/*!40101 SET character_set_client = utf8 */;
CREATE TABLE `comments` (
  `id` int(11) NOT NULL AUTO_INCREMENT,
  `user_id` int(11) DEFAULT NULL,
  `post_id` int(11) DEFAULT NULL,
  `created_at` datetime NOT NULL,
  `updated_at` datetime NOT NULL,
  `commentary` text COLLATE utf8_unicode_ci,
  PRIMARY KEY (`id`)
) ENGINE=InnoDB AUTO_INCREMENT=51 DEFAULT CHARSET=utf8 COLLATE=utf8_unicode_ci;
/*!40101 SET character_set_client = @saved_cs_client */;

--
-- Dumping data for table `comments`
--

LOCK TABLES `comments` WRITE;
/*!40000 ALTER TABLE `comments` DISABLE KEYS */;
INSERT INTO `comments` VALUES (3,1,1,'2016-04-03 21:09:53','2016-04-03 21:09:53','segundoooo comment de prueba'),(11,1,12,'2016-04-15 00:51:44','2016-04-15 00:51:44','damelo todo papa'),(13,1,13,'2016-04-15 01:39:47','2016-04-15 01:39:47','comment del segundo post'),(14,1,12,'2016-04-15 02:38:35','2016-04-15 02:38:35','a verr'),(15,1,19,'2016-04-15 02:38:52','2016-04-15 02:38:52','a ver el 7'),(16,1,12,'2016-04-15 23:45:02','2016-04-15 23:45:02','prueba mothafucka'),(18,1,12,'2016-04-15 23:55:11','2016-04-15 23:55:11','probando notification'),(19,126,12,'2016-04-18 14:09:47','2016-04-18 14:09:47','pprruueebbaa'),(20,126,12,'2016-04-18 14:10:07','2016-04-18 14:10:07','nanaananna'),(21,126,12,'2016-04-18 15:50:46','2016-04-18 15:50:46','prueba'),(22,126,12,'2016-04-18 15:51:22','2016-04-18 15:51:22','qweqwe'),(23,126,12,'2016-04-18 15:51:33','2016-04-18 15:51:33','qweqwe2'),(24,126,12,'2016-04-18 15:54:51','2016-04-18 15:54:51','asd'),(25,126,12,'2016-04-18 15:57:09','2016-04-18 15:57:09','asda'),(26,126,12,'2016-04-18 15:57:35','2016-04-18 15:57:35','asda'),(27,126,12,'2016-04-18 15:57:58','2016-04-18 15:57:58','asdasd'),(28,126,12,'2016-04-18 15:59:49','2016-04-18 15:59:49','asd'),(29,126,12,'2016-04-18 16:01:19','2016-04-18 16:01:19','asdasd'),(30,126,12,'2016-04-18 16:01:50','2016-04-18 16:01:50','s'),(31,126,12,'2016-04-18 16:02:06','2016-04-18 16:02:06','s'),(32,126,12,'2016-04-18 16:02:11','2016-04-18 16:02:11','sd'),(33,126,12,'2016-04-18 16:05:34','2016-04-18 16:05:34','jhg'),(34,126,12,'2016-04-18 16:06:29','2016-04-18 16:06:29','asdad'),(35,126,12,'2016-04-18 16:07:35','2016-04-18 16:07:35','asdad'),(36,126,12,'2016-04-18 16:09:27','2016-04-18 16:09:27','asdad'),(37,126,12,'2016-04-18 16:11:34','2016-04-18 16:11:34','mnmnnmn'),(38,126,12,'2016-04-18 16:12:07','2016-04-18 16:12:07','asdasd'),(39,126,12,'2016-04-18 16:12:36','2016-04-18 16:12:36','asdasd'),(40,126,12,'2016-04-18 16:12:59','2016-04-18 16:12:59','cccc'),(41,126,12,'2016-04-18 16:13:12','2016-04-18 16:13:12','qqqq'),(42,126,12,'2016-04-18 16:13:31','2016-04-18 16:13:31','asdasd'),(43,126,12,'2016-04-18 16:14:13','2016-04-18 16:14:13','asdas'),(44,126,12,'2016-04-18 16:14:35','2016-04-18 16:14:35','asdasdaadds'),(45,126,12,'2016-04-18 16:14:48','2016-04-18 16:14:48','asdasdaadds'),(46,126,12,'2016-04-18 16:15:24','2016-04-18 16:15:24','azxccxc'),(47,126,12,'2016-04-18 16:15:51','2016-04-18 16:15:51','nnn'),(48,126,12,'2016-04-18 16:16:17','2016-04-18 16:16:17','asda'),(49,126,12,'2016-04-18 16:16:22','2016-04-18 16:16:22','asdasd'),(50,126,12,'2016-04-18 16:18:28','2016-04-18 16:18:28','asasdas');
/*!40000 ALTER TABLE `comments` ENABLE KEYS */;
UNLOCK TABLES;

--
-- Table structure for table `endorsements`
--

DROP TABLE IF EXISTS `endorsements`;
/*!40101 SET @saved_cs_client     = @@character_set_client */;
/*!40101 SET character_set_client = utf8 */;
CREATE TABLE `endorsements` (
  `id` int(11) NOT NULL AUTO_INCREMENT,
  `created_at` datetime NOT NULL,
  `updated_at` datetime NOT NULL,
  `name` varchar(255) COLLATE utf8_unicode_ci DEFAULT NULL,
  PRIMARY KEY (`id`)
) ENGINE=InnoDB AUTO_INCREMENT=2 DEFAULT CHARSET=utf8 COLLATE=utf8_unicode_ci;
/*!40101 SET character_set_client = @saved_cs_client */;

--
-- Dumping data for table `endorsements`
--

LOCK TABLES `endorsements` WRITE;
/*!40000 ALTER TABLE `endorsements` DISABLE KEYS */;
INSERT INTO `endorsements` VALUES (1,'2016-04-03 17:59:31','2016-04-03 17:59:31','charismatic');
/*!40000 ALTER TABLE `endorsements` ENABLE KEYS */;
UNLOCK TABLES;

--
-- Table structure for table `endorses`
--

DROP TABLE IF EXISTS `endorses`;
/*!40101 SET @saved_cs_client     = @@character_set_client */;
/*!40101 SET character_set_client = utf8 */;
CREATE TABLE `endorses` (
  `id` int(11) NOT NULL AUTO_INCREMENT,
  `follower_id` int(11) NOT NULL,
  `subject_id` int(11) NOT NULL,
  `endorsement_id` int(11) DEFAULT NULL,
  `created_at` datetime NOT NULL,
  `updated_at` datetime NOT NULL,
  `weight` int(11) DEFAULT NULL,
  PRIMARY KEY (`id`)
) ENGINE=InnoDB AUTO_INCREMENT=17 DEFAULT CHARSET=utf8 COLLATE=utf8_unicode_ci;
/*!40101 SET character_set_client = @saved_cs_client */;

--
-- Dumping data for table `endorses`
--

LOCK TABLES `endorses` WRITE;
/*!40000 ALTER TABLE `endorses` DISABLE KEYS */;
INSERT INTO `endorses` VALUES (2,1,2,1,'2016-04-03 16:41:14','2016-04-03 16:41:14',NULL),(3,1,2,1,'2016-04-03 16:41:48','2016-04-03 16:41:48',NULL),(4,2,1,1,'2016-04-04 11:25:42','2016-04-04 11:25:42',NULL),(5,3,2,1,'2016-04-04 22:54:25','2016-04-04 22:54:25',0),(6,3,2,1,'2016-04-04 23:14:10','2016-04-04 23:14:10',2),(7,3,2,1,'2016-04-04 23:20:32','2016-04-04 23:20:32',2),(8,3,2,1,'2016-04-04 23:21:43','2016-04-04 23:21:43',2),(9,10,11,1,'2016-04-04 23:54:40','2016-04-04 23:54:40',0),(10,10,11,1,'2016-04-04 23:54:51','2016-04-04 23:54:51',0),(11,10,11,1,'2016-04-04 23:54:52','2016-04-04 23:54:52',0),(12,10,11,1,'2016-04-04 23:54:53','2016-04-04 23:54:53',0),(13,10,11,1,'2016-04-04 23:54:55','2016-04-04 23:54:55',0),(15,1,2,1,'2016-04-18 02:32:27','2016-04-18 02:32:27',1),(16,1,2,1,'2016-04-18 02:38:17','2016-04-18 02:38:17',3);
/*!40000 ALTER TABLE `endorses` ENABLE KEYS */;
UNLOCK TABLES;

--
-- Table structure for table `follows`
--

DROP TABLE IF EXISTS `follows`;
/*!40101 SET @saved_cs_client     = @@character_set_client */;
/*!40101 SET character_set_client = utf8 */;
CREATE TABLE `follows` (
  `id` int(11) NOT NULL AUTO_INCREMENT,
  `follower_id` int(11) NOT NULL,
  `subject_id` int(11) NOT NULL,
  `affinity_id` int(11) DEFAULT NULL,
  `created_at` datetime NOT NULL,
  `updated_at` datetime NOT NULL,
  `weight` int(11) DEFAULT NULL,
  PRIMARY KEY (`id`)
) ENGINE=InnoDB AUTO_INCREMENT=10 DEFAULT CHARSET=utf8 COLLATE=utf8_unicode_ci;
/*!40101 SET character_set_client = @saved_cs_client */;

--
-- Dumping data for table `follows`
--

LOCK TABLES `follows` WRITE;
/*!40000 ALTER TABLE `follows` DISABLE KEYS */;
INSERT INTO `follows` VALUES (1,1,3,1,'2016-04-03 13:13:38','2016-04-03 13:17:01',NULL),(2,1,2,1,'2016-04-03 13:17:34','2016-04-03 13:17:34',NULL),(3,1,4,1,'2016-04-03 13:17:48','2016-04-03 13:17:48',NULL),(4,1,5,1,'2016-04-03 13:18:09','2016-04-03 13:18:09',NULL),(6,3,2,2,'2016-04-04 20:04:28','2016-04-04 20:04:28',NULL),(7,3,5,NULL,'2016-04-18 03:45:23','2016-04-18 03:45:23',NULL),(8,126,126,NULL,'2016-04-18 03:46:25','2016-04-18 03:46:25',NULL),(9,126,2,NULL,'2016-04-18 13:51:22','2016-04-18 13:51:22',NULL);
/*!40000 ALTER TABLE `follows` ENABLE KEYS */;
UNLOCK TABLES;

--
-- Table structure for table `likes`
--

DROP TABLE IF EXISTS `likes`;
/*!40101 SET @saved_cs_client     = @@character_set_client */;
/*!40101 SET character_set_client = utf8 */;
CREATE TABLE `likes` (
  `id` int(11) NOT NULL AUTO_INCREMENT,
  `user_id` int(11) DEFAULT NULL,
  `post_id` int(11) DEFAULT NULL,
  `created_at` datetime NOT NULL,
  `updated_at` datetime NOT NULL,
  PRIMARY KEY (`id`)
) ENGINE=InnoDB AUTO_INCREMENT=4 DEFAULT CHARSET=utf8 COLLATE=utf8_unicode_ci;
/*!40101 SET character_set_client = @saved_cs_client */;

--
-- Dumping data for table `likes`
--

LOCK TABLES `likes` WRITE;
/*!40000 ALTER TABLE `likes` DISABLE KEYS */;
INSERT INTO `likes` VALUES (3,1,12,'2016-04-15 23:51:32','2016-04-15 23:51:32');
/*!40000 ALTER TABLE `likes` ENABLE KEYS */;
UNLOCK TABLES;

--
-- Table structure for table `notifications`
--

DROP TABLE IF EXISTS `notifications`;
/*!40101 SET @saved_cs_client     = @@character_set_client */;
/*!40101 SET character_set_client = utf8 */;
CREATE TABLE `notifications` (
  `id` int(11) NOT NULL AUTO_INCREMENT,
  `user_id` int(11) DEFAULT NULL,
  `created_at` datetime NOT NULL,
  `updated_at` datetime NOT NULL,
  `title` varchar(255) COLLATE utf8_unicode_ci DEFAULT NULL,
  `subtitle` text COLLATE utf8_unicode_ci,
  `image_file_name` varchar(255) COLLATE utf8_unicode_ci DEFAULT NULL,
  `image_content_type` varchar(255) COLLATE utf8_unicode_ci DEFAULT NULL,
  `image_file_size` int(11) DEFAULT NULL,
  `image_updated_at` datetime DEFAULT NULL,
  `notification_type` int(11) DEFAULT NULL,
  `endorse_weight` int(11) DEFAULT NULL,
  PRIMARY KEY (`id`)
) ENGINE=InnoDB AUTO_INCREMENT=144 DEFAULT CHARSET=utf8 COLLATE=utf8_unicode_ci;
/*!40101 SET character_set_client = @saved_cs_client */;

--
-- Dumping data for table `notifications`
--

LOCK TABLES `notifications` WRITE;
/*!40000 ALTER TABLE `notifications` DISABLE KEYS */;
INSERT INTO `notifications` VALUES (1,1,'2016-04-03 13:01:17','2016-04-03 13:01:17','Title User number 0','Subtitle kind of action number 0','nando_02.jpg','image/jpeg',102296,'2016-04-03 13:01:17',2,NULL),(2,1,'2016-04-03 13:01:17','2016-04-03 13:01:17','Title User number 1','Subtitle kind of action number 1','nando_02.jpg','image/jpeg',102296,'2016-04-03 13:01:17',2,NULL),(3,1,'2016-04-03 13:01:17','2016-04-03 13:01:17','Title User number 2','Subtitle kind of action number 2','nando_02.jpg','image/jpeg',102296,'2016-04-03 13:01:17',2,NULL),(4,1,'2016-04-03 13:01:18','2016-04-03 13:01:18','Title User number 3','Subtitle kind of action number 3','nando_02.jpg','image/jpeg',102296,'2016-04-03 13:01:17',2,NULL),(5,1,'2016-04-03 13:01:18','2016-04-03 13:01:18','Title User number 4','Subtitle kind of action number 4','nando_02.jpg','image/jpeg',102296,'2016-04-03 13:01:18',2,NULL),(6,1,'2016-04-03 13:01:18','2016-04-03 13:01:18','Title User number 5','Subtitle kind of action number 5','nando_02.jpg','image/jpeg',102296,'2016-04-03 13:01:18',2,NULL),(7,1,'2016-04-03 13:01:18','2016-04-03 13:01:18','Title User number 6','Subtitle kind of action number 6','nando_02.jpg','image/jpeg',102296,'2016-04-03 13:01:18',2,NULL),(8,1,'2016-04-03 13:01:18','2016-04-03 13:01:18','Title User number 7','Subtitle kind of action number 7','nando_02.jpg','image/jpeg',102296,'2016-04-03 13:01:18',2,NULL),(9,1,'2016-04-03 13:01:18','2016-04-03 13:01:18','Title User number 8','Subtitle kind of action number 8','nando_02.jpg','image/jpeg',102296,'2016-04-03 13:01:18',2,NULL),(10,1,'2016-04-03 13:01:19','2016-04-03 13:01:19','Title User number 9','Subtitle kind of action number 9','nando_02.jpg','image/jpeg',102296,'2016-04-03 13:01:19',2,NULL),(11,1,'2016-04-03 13:01:19','2016-04-03 13:01:19','Title User number 10','Subtitle kind of action number 10','nando_02.jpg','image/jpeg',102296,'2016-04-03 13:01:19',2,NULL),(12,1,'2016-04-03 13:01:19','2016-04-03 13:01:19','Title User number 11','Subtitle kind of action number 11','nando_02.jpg','image/jpeg',102296,'2016-04-03 13:01:19',2,NULL),(13,1,'2016-04-03 13:01:19','2016-04-03 13:01:19','Title User number 12','Subtitle kind of action number 12','nando_02.jpg','image/jpeg',102296,'2016-04-03 13:01:19',2,NULL),(14,1,'2016-04-03 13:01:19','2016-04-03 13:01:19','Title User number 13','Subtitle kind of action number 13','nando_02.jpg','image/jpeg',102296,'2016-04-03 13:01:19',2,NULL),(15,1,'2016-04-03 13:01:20','2016-04-03 13:01:20','Title User number 14','Subtitle kind of action number 14','nando_02.jpg','image/jpeg',102296,'2016-04-03 13:01:19',2,NULL),(16,1,'2016-04-03 13:01:20','2016-04-03 13:01:20','Title User number 15','Subtitle kind of action number 15','nando_02.jpg','image/jpeg',102296,'2016-04-03 13:01:20',2,NULL),(17,1,'2016-04-03 13:01:20','2016-04-03 13:01:20','Title User number 16','Subtitle kind of action number 16','nando_02.jpg','image/jpeg',102296,'2016-04-03 13:01:20',2,NULL),(18,1,'2016-04-03 13:01:20','2016-04-03 13:01:20','Title User number 17','Subtitle kind of action number 17','nando_02.jpg','image/jpeg',102296,'2016-04-03 13:01:20',2,NULL),(19,1,'2016-04-03 13:01:20','2016-04-03 13:01:20','Title User number 18','Subtitle kind of action number 18','nando_02.jpg','image/jpeg',102296,'2016-04-03 13:01:20',2,NULL),(20,1,'2016-04-03 13:01:21','2016-04-03 13:01:21','Title User number 19','Subtitle kind of action number 19','nando_02.jpg','image/jpeg',102296,'2016-04-03 13:01:21',2,NULL),(21,1,'2016-04-03 13:01:21','2016-04-03 13:01:21','Title User number 20','Subtitle kind of action number 20','nando_02.jpg','image/jpeg',102296,'2016-04-03 13:01:21',2,NULL),(22,1,'2016-04-03 13:01:21','2016-04-03 13:01:21','Title User number 21','Subtitle kind of action number 21','nando_02.jpg','image/jpeg',102296,'2016-04-03 13:01:21',2,NULL),(23,1,'2016-04-03 13:01:21','2016-04-03 13:01:21','Title User number 22','Subtitle kind of action number 22','nando_02.jpg','image/jpeg',102296,'2016-04-03 13:01:21',2,NULL),(24,1,'2016-04-03 13:01:21','2016-04-03 13:01:21','Title User number 23','Subtitle kind of action number 23','nando_02.jpg','image/jpeg',102296,'2016-04-03 13:01:21',2,NULL),(25,1,'2016-04-03 13:01:22','2016-04-03 13:01:22','Title User number 24','Subtitle kind of action number 24','nando_02.jpg','image/jpeg',102296,'2016-04-03 13:01:21',2,NULL),(26,1,'2016-04-03 13:01:22','2016-04-03 13:01:22','Title User number 25','Subtitle kind of action number 25','nando_02.jpg','image/jpeg',102296,'2016-04-03 13:01:22',2,NULL),(27,1,'2016-04-03 13:01:22','2016-04-03 13:01:22','Title User number 26','Subtitle kind of action number 26','nando_02.jpg','image/jpeg',102296,'2016-04-03 13:01:22',2,NULL),(28,1,'2016-04-03 13:01:22','2016-04-03 13:01:22','Title User number 27','Subtitle kind of action number 27','nando_02.jpg','image/jpeg',102296,'2016-04-03 13:01:22',2,NULL),(29,1,'2016-04-03 13:01:22','2016-04-03 13:01:22','Title User number 28','Subtitle kind of action number 28','nando_02.jpg','image/jpeg',102296,'2016-04-03 13:01:22',2,NULL),(30,1,'2016-04-03 13:01:23','2016-04-03 13:01:23','Title User number 29','Subtitle kind of action number 29','nando_02.jpg','image/jpeg',102296,'2016-04-03 13:01:22',2,NULL),(31,1,'2016-04-03 13:01:23','2016-04-03 13:01:23','Title User number 30','Subtitle kind of action number 30','nando_02.jpg','image/jpeg',102296,'2016-04-03 13:01:23',2,NULL),(32,1,'2016-04-03 13:01:23','2016-04-03 13:01:23','Title User number 31','Subtitle kind of action number 31','nando_02.jpg','image/jpeg',102296,'2016-04-03 13:01:23',2,NULL),(33,1,'2016-04-03 13:01:23','2016-04-03 13:01:23','Title User number 32','Subtitle kind of action number 32','nando_02.jpg','image/jpeg',102296,'2016-04-03 13:01:23',2,NULL),(34,1,'2016-04-03 13:01:23','2016-04-03 13:01:23','Title User number 33','Subtitle kind of action number 33','nando_02.jpg','image/jpeg',102296,'2016-04-03 13:01:23',2,NULL),(35,1,'2016-04-03 13:01:24','2016-04-03 13:01:24','Title User number 34','Subtitle kind of action number 34','nando_02.jpg','image/jpeg',102296,'2016-04-03 13:01:23',2,NULL),(36,1,'2016-04-03 13:01:24','2016-04-03 13:01:24','Title User number 35','Subtitle kind of action number 35','nando_02.jpg','image/jpeg',102296,'2016-04-03 13:01:24',2,NULL),(37,1,'2016-04-03 13:01:24','2016-04-03 13:01:24','Title User number 36','Subtitle kind of action number 36','nando_02.jpg','image/jpeg',102296,'2016-04-03 13:01:24',2,NULL),(38,1,'2016-04-03 13:01:24','2016-04-03 13:01:24','Title User number 37','Subtitle kind of action number 37','nando_02.jpg','image/jpeg',102296,'2016-04-03 13:01:24',2,NULL),(39,1,'2016-04-03 13:01:24','2016-04-03 13:01:24','Title User number 38','Subtitle kind of action number 38','nando_02.jpg','image/jpeg',102296,'2016-04-03 13:01:24',2,NULL),(40,1,'2016-04-03 13:01:25','2016-04-03 13:01:25','Title User number 39','Subtitle kind of action number 39','nando_02.jpg','image/jpeg',102296,'2016-04-03 13:01:24',2,NULL),(41,1,'2016-04-03 13:01:25','2016-04-03 13:01:25','Title User number 40','Subtitle kind of action number 40','nando_02.jpg','image/jpeg',102296,'2016-04-03 13:01:25',2,NULL),(42,1,'2016-04-03 13:01:25','2016-04-03 13:01:25','Title User number 41','Subtitle kind of action number 41','nando_02.jpg','image/jpeg',102296,'2016-04-03 13:01:25',2,NULL),(43,1,'2016-04-03 13:01:25','2016-04-03 13:01:25','Title User number 42','Subtitle kind of action number 42','nando_02.jpg','image/jpeg',102296,'2016-04-03 13:01:25',2,NULL),(44,1,'2016-04-03 13:01:25','2016-04-03 13:01:25','Title User number 43','Subtitle kind of action number 43','nando_02.jpg','image/jpeg',102296,'2016-04-03 13:01:25',2,NULL),(45,1,'2016-04-03 13:01:26','2016-04-03 13:01:26','Title User number 44','Subtitle kind of action number 44','nando_02.jpg','image/jpeg',102296,'2016-04-03 13:01:25',2,NULL),(46,1,'2016-04-03 13:01:26','2016-04-03 13:01:26','Title User number 45','Subtitle kind of action number 45','nando_02.jpg','image/jpeg',102296,'2016-04-03 13:01:26',2,NULL),(47,1,'2016-04-03 13:01:26','2016-04-03 13:01:26','Title User number 46','Subtitle kind of action number 46','nando_02.jpg','image/jpeg',102296,'2016-04-03 13:01:26',2,NULL),(48,1,'2016-04-03 13:01:26','2016-04-03 13:01:26','Title User number 47','Subtitle kind of action number 47','nando_02.jpg','image/jpeg',102296,'2016-04-03 13:01:26',2,NULL),(49,1,'2016-04-03 13:01:26','2016-04-03 13:01:26','Title User number 48','Subtitle kind of action number 48','nando_02.jpg','image/jpeg',102296,'2016-04-03 13:01:26',2,NULL),(50,1,'2016-04-03 13:01:27','2016-04-03 13:01:27','Title User number 49','Subtitle kind of action number 49','nando_02.jpg','image/jpeg',102296,'2016-04-03 13:01:26',2,NULL),(51,1,'2016-04-03 13:01:27','2016-04-03 13:01:27','Title User number 50','Subtitle kind of action number 50','nando_02.jpg','image/jpeg',102296,'2016-04-03 13:01:27',2,NULL),(52,1,'2016-04-03 13:01:27','2016-04-03 13:01:27','Title User number 51','Subtitle kind of action number 51','nando_02.jpg','image/jpeg',102296,'2016-04-03 13:01:27',2,NULL),(53,1,'2016-04-03 13:01:27','2016-04-03 13:01:27','Title User number 52','Subtitle kind of action number 52','nando_02.jpg','image/jpeg',102296,'2016-04-03 13:01:27',2,NULL),(54,1,'2016-04-03 13:01:27','2016-04-03 13:01:27','Title User number 53','Subtitle kind of action number 53','nando_02.jpg','image/jpeg',102296,'2016-04-03 13:01:27',2,NULL),(55,1,'2016-04-03 13:01:28','2016-04-03 13:01:28','Title User number 54','Subtitle kind of action number 54','nando_02.jpg','image/jpeg',102296,'2016-04-03 13:01:27',2,NULL),(56,1,'2016-04-03 13:01:28','2016-04-03 13:01:28','Title User number 55','Subtitle kind of action number 55','nando_02.jpg','image/jpeg',102296,'2016-04-03 13:01:28',2,NULL),(57,1,'2016-04-03 13:01:28','2016-04-03 13:01:28','Title User number 56','Subtitle kind of action number 56','nando_02.jpg','image/jpeg',102296,'2016-04-03 13:01:28',2,NULL),(58,1,'2016-04-03 13:01:28','2016-04-03 13:01:28','Title User number 57','Subtitle kind of action number 57','nando_02.jpg','image/jpeg',102296,'2016-04-03 13:01:28',2,NULL),(59,1,'2016-04-03 13:01:28','2016-04-03 13:01:28','Title User number 58','Subtitle kind of action number 58','nando_02.jpg','image/jpeg',102296,'2016-04-03 13:01:28',2,NULL),(60,1,'2016-04-03 13:01:29','2016-04-03 13:01:29','Title User number 59','Subtitle kind of action number 59','nando_02.jpg','image/jpeg',102296,'2016-04-03 13:01:28',2,NULL),(61,1,'2016-04-03 13:01:29','2016-04-03 13:01:29','Title User number 60','Subtitle kind of action number 60','nando_02.jpg','image/jpeg',102296,'2016-04-03 13:01:29',2,NULL),(62,1,'2016-04-03 13:01:29','2016-04-03 13:01:29','Title User number 61','Subtitle kind of action number 61','nando_02.jpg','image/jpeg',102296,'2016-04-03 13:01:29',2,NULL),(63,1,'2016-04-03 13:01:29','2016-04-03 13:01:29','Title User number 62','Subtitle kind of action number 62','nando_02.jpg','image/jpeg',102296,'2016-04-03 13:01:29',2,NULL),(64,1,'2016-04-03 13:01:29','2016-04-03 13:01:29','Title User number 63','Subtitle kind of action number 63','nando_02.jpg','image/jpeg',102296,'2016-04-03 13:01:29',2,NULL),(65,1,'2016-04-03 13:01:30','2016-04-03 13:01:30','Title User number 64','Subtitle kind of action number 64','nando_02.jpg','image/jpeg',102296,'2016-04-03 13:01:29',2,NULL),(66,1,'2016-04-03 13:01:30','2016-04-03 13:01:30','Title User number 65','Subtitle kind of action number 65','nando_02.jpg','image/jpeg',102296,'2016-04-03 13:01:30',2,NULL),(67,1,'2016-04-03 13:01:30','2016-04-03 13:01:30','Title User number 66','Subtitle kind of action number 66','nando_02.jpg','image/jpeg',102296,'2016-04-03 13:01:30',2,NULL),(68,1,'2016-04-03 13:01:30','2016-04-03 13:01:30','Title User number 67','Subtitle kind of action number 67','nando_02.jpg','image/jpeg',102296,'2016-04-03 13:01:30',2,NULL),(69,1,'2016-04-03 13:01:30','2016-04-03 13:01:30','Title User number 68','Subtitle kind of action number 68','nando_02.jpg','image/jpeg',102296,'2016-04-03 13:01:30',2,NULL),(70,1,'2016-04-03 13:01:31','2016-04-03 13:01:31','Title User number 69','Subtitle kind of action number 69','nando_02.jpg','image/jpeg',102296,'2016-04-03 13:01:30',2,NULL),(71,1,'2016-04-03 13:01:31','2016-04-03 13:01:31','Title User number 70','Subtitle kind of action number 70','nando_02.jpg','image/jpeg',102296,'2016-04-03 13:01:31',2,NULL),(72,1,'2016-04-03 13:01:31','2016-04-03 13:01:31','Title User number 71','Subtitle kind of action number 71','nando_02.jpg','image/jpeg',102296,'2016-04-03 13:01:31',2,NULL),(73,1,'2016-04-03 13:01:31','2016-04-03 13:01:31','Title User number 72','Subtitle kind of action number 72','nando_02.jpg','image/jpeg',102296,'2016-04-03 13:01:31',2,NULL),(74,1,'2016-04-03 13:01:31','2016-04-03 13:01:31','Title User number 73','Subtitle kind of action number 73','nando_02.jpg','image/jpeg',102296,'2016-04-03 13:01:31',2,NULL),(75,1,'2016-04-03 13:01:31','2016-04-03 13:01:31','Title User number 74','Subtitle kind of action number 74','nando_02.jpg','image/jpeg',102296,'2016-04-03 13:01:31',2,NULL),(76,1,'2016-04-03 13:01:32','2016-04-03 13:01:32','Title User number 75','Subtitle kind of action number 75','nando_02.jpg','image/jpeg',102296,'2016-04-03 13:01:31',2,NULL),(77,1,'2016-04-03 13:01:32','2016-04-03 13:01:32','Title User number 76','Subtitle kind of action number 76','nando_02.jpg','image/jpeg',102296,'2016-04-03 13:01:32',2,NULL),(78,1,'2016-04-03 13:01:32','2016-04-03 13:01:32','Title User number 77','Subtitle kind of action number 77','nando_02.jpg','image/jpeg',102296,'2016-04-03 13:01:32',2,NULL),(79,1,'2016-04-03 13:01:32','2016-04-03 13:01:32','Title User number 78','Subtitle kind of action number 78','nando_02.jpg','image/jpeg',102296,'2016-04-03 13:01:32',2,NULL),(80,1,'2016-04-03 13:01:32','2016-04-03 13:01:32','Title User number 79','Subtitle kind of action number 79','nando_02.jpg','image/jpeg',102296,'2016-04-03 13:01:32',2,NULL),(81,1,'2016-04-03 13:01:33','2016-04-03 13:01:33','Title User number 80','Subtitle kind of action number 80','nando_02.jpg','image/jpeg',102296,'2016-04-03 13:01:33',2,NULL),(82,1,'2016-04-03 13:01:33','2016-04-03 13:01:33','Title User number 81','Subtitle kind of action number 81','nando_02.jpg','image/jpeg',102296,'2016-04-03 13:01:33',2,NULL),(83,1,'2016-04-03 13:01:33','2016-04-03 13:01:33','Title User number 82','Subtitle kind of action number 82','nando_02.jpg','image/jpeg',102296,'2016-04-03 13:01:33',2,NULL),(84,1,'2016-04-03 13:01:33','2016-04-03 13:01:33','Title User number 83','Subtitle kind of action number 83','nando_02.jpg','image/jpeg',102296,'2016-04-03 13:01:33',2,NULL),(85,1,'2016-04-03 13:01:33','2016-04-03 13:01:33','Title User number 84','Subtitle kind of action number 84','nando_02.jpg','image/jpeg',102296,'2016-04-03 13:01:33',2,NULL),(86,1,'2016-04-03 13:01:34','2016-04-03 13:01:34','Title User number 85','Subtitle kind of action number 85','nando_02.jpg','image/jpeg',102296,'2016-04-03 13:01:33',2,NULL),(87,1,'2016-04-03 13:01:34','2016-04-03 13:01:34','Title User number 86','Subtitle kind of action number 86','nando_02.jpg','image/jpeg',102296,'2016-04-03 13:01:34',2,NULL),(88,1,'2016-04-03 13:01:34','2016-04-03 13:01:34','Title User number 87','Subtitle kind of action number 87','nando_02.jpg','image/jpeg',102296,'2016-04-03 13:01:34',2,NULL),(89,1,'2016-04-03 13:01:34','2016-04-03 13:01:34','Title User number 88','Subtitle kind of action number 88','nando_02.jpg','image/jpeg',102296,'2016-04-03 13:01:34',2,NULL),(90,1,'2016-04-03 13:01:34','2016-04-03 13:01:34','Title User number 89','Subtitle kind of action number 89','nando_02.jpg','image/jpeg',102296,'2016-04-03 13:01:34',2,NULL),(91,1,'2016-04-03 13:01:35','2016-04-03 13:01:35','Title User number 90','Subtitle kind of action number 90','nando_02.jpg','image/jpeg',102296,'2016-04-03 13:01:34',2,NULL),(92,1,'2016-04-03 13:01:35','2016-04-03 13:01:35','Title User number 91','Subtitle kind of action number 91','nando_02.jpg','image/jpeg',102296,'2016-04-03 13:01:35',2,NULL),(93,1,'2016-04-03 13:01:35','2016-04-03 13:01:35','Title User number 92','Subtitle kind of action number 92','nando_02.jpg','image/jpeg',102296,'2016-04-03 13:01:35',2,NULL),(94,1,'2016-04-03 13:01:35','2016-04-03 13:01:35','Title User number 93','Subtitle kind of action number 93','nando_02.jpg','image/jpeg',102296,'2016-04-03 13:01:35',2,NULL),(95,1,'2016-04-03 13:01:35','2016-04-03 13:01:35','Title User number 94','Subtitle kind of action number 94','nando_02.jpg','image/jpeg',102296,'2016-04-03 13:01:35',2,NULL),(96,1,'2016-04-03 13:01:36','2016-04-03 13:01:36','Title User number 95','Subtitle kind of action number 95','nando_02.jpg','image/jpeg',102296,'2016-04-03 13:01:35',2,NULL),(97,1,'2016-04-03 13:01:36','2016-04-03 13:01:36','Title User number 96','Subtitle kind of action number 96','nando_02.jpg','image/jpeg',102296,'2016-04-03 13:01:36',2,NULL),(98,1,'2016-04-03 13:01:36','2016-04-03 13:01:36','Title User number 97','Subtitle kind of action number 97','nando_02.jpg','image/jpeg',102296,'2016-04-03 13:01:36',2,NULL),(99,1,'2016-04-03 13:01:36','2016-04-03 13:01:36','Title User number 98','Subtitle kind of action number 98','nando_02.jpg','image/jpeg',102296,'2016-04-03 13:01:36',2,NULL),(100,1,'2016-04-03 13:01:37','2016-04-03 13:01:37','Title User number 99','Subtitle kind of action number 99','nando_02.jpg','image/jpeg',102296,'2016-04-03 13:01:36',2,NULL),(101,1,'2016-04-03 13:01:37','2016-04-03 13:01:37','Title User number 100','Subtitle kind of action number 100','nando_02.jpg','image/jpeg',102296,'2016-04-03 13:01:37',2,NULL),(102,2,'2016-04-15 23:51:32','2016-04-15 23:51:32','Fernando0 Martinez0','Has liked your post','nando_02.jpg','image/jpeg',102296,'2016-04-15 23:51:32',5,NULL),(103,2,'2016-04-15 23:55:11','2016-04-15 23:55:11','Fernando0 Martinez0','Is now following you','nando_02.jpg','image/jpeg',102296,'2016-04-15 23:55:11',3,NULL),(104,2,'2016-04-18 02:32:27','2016-04-18 02:32:27','Fernando0 Martinez0','Has endorsed you for charismatic','nando_02.jpg','image/jpeg',102296,'2016-04-18 02:32:27',4,1),(105,2,'2016-04-18 02:38:18','2016-04-18 02:38:18','Fernando0 Martinez0','Has endorsed you for charismatic','nando_02.jpg','image/jpeg',102296,'2016-04-18 02:38:17',4,3),(106,126,'2016-04-18 03:09:28','2016-04-18 03:09:28','Fernando Martinez','Has given you advice','open-uri20160417-18911-as4h89','image/jpeg',11740,'2016-04-18 03:09:28',2,NULL),(107,126,'2016-04-18 03:09:56','2016-04-18 03:09:56','Fernando Martinez','Has given you advice','open-uri20160417-18911-as4h89','image/jpeg',11740,'2016-04-18 03:09:56',2,NULL),(108,5,'2016-04-18 03:45:24','2016-04-18 03:45:24','Fernando2 Martinez2','Is now following you','nando_02.jpg','image/jpeg',102296,'2016-04-18 03:45:23',1,NULL),(109,126,'2016-04-18 03:46:25','2016-04-18 03:46:25','Fernando Martinez','Is now following you','open-uri20160417-18911-as4h89','image/jpeg',11740,'2016-04-18 03:46:25',1,NULL),(110,126,'2016-04-18 12:45:17','2016-04-18 12:45:17','Fernando Martinez','Has given you advice','open-uri20160417-18911-as4h89','image/jpeg',11740,'2016-04-18 12:45:17',2,NULL),(111,2,'2016-04-18 13:51:22','2016-04-18 13:51:22','Fernando Martinez','Is now following you','open-uri20160417-18911-as4h89','image/jpeg',11740,'2016-04-18 13:51:22',1,NULL),(112,2,'2016-04-18 14:09:47','2016-04-18 14:09:47','Fernando Martinez','Is now following you','open-uri20160417-18911-as4h89','image/jpeg',11740,'2016-04-18 14:09:47',3,NULL),(113,2,'2016-04-18 14:10:07','2016-04-18 14:10:07','Fernando Martinez','Is now following you','open-uri20160417-18911-as4h89','image/jpeg',11740,'2016-04-18 14:10:07',3,NULL),(114,2,'2016-04-18 15:50:46','2016-04-18 15:50:46','Fernando Martinez','Is now following you','open-uri20160417-18911-as4h89','image/jpeg',11740,'2016-04-18 15:50:46',3,NULL),(115,2,'2016-04-18 15:51:22','2016-04-18 15:51:22','Fernando Martinez','Is now following you','open-uri20160417-18911-as4h89','image/jpeg',11740,'2016-04-18 15:51:22',3,NULL),(116,2,'2016-04-18 15:51:33','2016-04-18 15:51:33','Fernando Martinez','Is now following you','open-uri20160417-18911-as4h89','image/jpeg',11740,'2016-04-18 15:51:33',3,NULL),(117,2,'2016-04-18 15:54:51','2016-04-18 15:54:51','Fernando Martinez','Is now following you','open-uri20160417-18911-as4h89','image/jpeg',11740,'2016-04-18 15:54:51',3,NULL),(118,2,'2016-04-18 15:57:09','2016-04-18 15:57:09','Fernando Martinez','Is now following you','open-uri20160417-18911-as4h89','image/jpeg',11740,'2016-04-18 15:57:09',3,NULL),(119,2,'2016-04-18 15:57:36','2016-04-18 15:57:36','Fernando Martinez','Is now following you','open-uri20160417-18911-as4h89','image/jpeg',11740,'2016-04-18 15:57:35',3,NULL),(120,2,'2016-04-18 15:57:58','2016-04-18 15:57:58','Fernando Martinez','Is now following you','open-uri20160417-18911-as4h89','image/jpeg',11740,'2016-04-18 15:57:58',3,NULL),(121,2,'2016-04-18 15:59:49','2016-04-18 15:59:49','Fernando Martinez','Is now following you','open-uri20160417-18911-as4h89','image/jpeg',11740,'2016-04-18 15:59:49',3,NULL),(122,2,'2016-04-18 16:01:19','2016-04-18 16:01:19','Fernando Martinez','Is now following you','open-uri20160417-18911-as4h89','image/jpeg',11740,'2016-04-18 16:01:19',3,NULL),(123,2,'2016-04-18 16:01:50','2016-04-18 16:01:50','Fernando Martinez','Is now following you','open-uri20160417-18911-as4h89','image/jpeg',11740,'2016-04-18 16:01:50',3,NULL),(124,2,'2016-04-18 16:02:06','2016-04-18 16:02:06','Fernando Martinez','Is now following you','open-uri20160417-18911-as4h89','image/jpeg',11740,'2016-04-18 16:02:06',3,NULL),(125,2,'2016-04-18 16:02:11','2016-04-18 16:02:11','Fernando Martinez','Is now following you','open-uri20160417-18911-as4h89','image/jpeg',11740,'2016-04-18 16:02:11',3,NULL),(126,2,'2016-04-18 16:05:34','2016-04-18 16:05:34','Fernando Martinez','Is now following you','open-uri20160417-18911-as4h89','image/jpeg',11740,'2016-04-18 16:05:34',3,NULL),(127,2,'2016-04-18 16:06:29','2016-04-18 16:06:29','Fernando Martinez','Is now following you','open-uri20160417-18911-as4h89','image/jpeg',11740,'2016-04-18 16:06:29',3,NULL),(128,2,'2016-04-18 16:07:35','2016-04-18 16:07:35','Fernando Martinez','Is now following you','open-uri20160417-18911-as4h89','image/jpeg',11740,'2016-04-18 16:07:35',3,NULL),(129,2,'2016-04-18 16:09:27','2016-04-18 16:09:27','Fernando Martinez','Is now following you','open-uri20160417-18911-as4h89','image/jpeg',11740,'2016-04-18 16:09:27',3,NULL),(130,2,'2016-04-18 16:11:35','2016-04-18 16:11:35','Fernando Martinez','Is now following you','open-uri20160417-18911-as4h89','image/jpeg',11740,'2016-04-18 16:11:34',3,NULL),(131,2,'2016-04-18 16:12:07','2016-04-18 16:12:07','Fernando Martinez','Is now following you','open-uri20160417-18911-as4h89','image/jpeg',11740,'2016-04-18 16:12:07',3,NULL),(132,2,'2016-04-18 16:12:36','2016-04-18 16:12:36','Fernando Martinez','Is now following you','open-uri20160417-18911-as4h89','image/jpeg',11740,'2016-04-18 16:12:36',3,NULL),(133,2,'2016-04-18 16:13:00','2016-04-18 16:13:00','Fernando Martinez','Is now following you','open-uri20160417-18911-as4h89','image/jpeg',11740,'2016-04-18 16:13:00',3,NULL),(134,2,'2016-04-18 16:13:12','2016-04-18 16:13:12','Fernando Martinez','Is now following you','open-uri20160417-18911-as4h89','image/jpeg',11740,'2016-04-18 16:13:12',3,NULL),(135,2,'2016-04-18 16:13:31','2016-04-18 16:13:31','Fernando Martinez','Is now following you','open-uri20160417-18911-as4h89','image/jpeg',11740,'2016-04-18 16:13:31',3,NULL),(136,2,'2016-04-18 16:14:13','2016-04-18 16:14:13','Fernando Martinez','Is now following you','open-uri20160417-18911-as4h89','image/jpeg',11740,'2016-04-18 16:14:13',3,NULL),(137,2,'2016-04-18 16:14:35','2016-04-18 16:14:35','Fernando Martinez','Is now following you','open-uri20160417-18911-as4h89','image/jpeg',11740,'2016-04-18 16:14:35',3,NULL),(138,2,'2016-04-18 16:14:48','2016-04-18 16:14:48','Fernando Martinez','Is now following you','open-uri20160417-18911-as4h89','image/jpeg',11740,'2016-04-18 16:14:48',3,NULL),(139,2,'2016-04-18 16:15:24','2016-04-18 16:15:24','Fernando Martinez','Is now following you','open-uri20160417-18911-as4h89','image/jpeg',11740,'2016-04-18 16:15:24',3,NULL),(140,2,'2016-04-18 16:15:51','2016-04-18 16:15:51','Fernando Martinez','Is now following you','open-uri20160417-18911-as4h89','image/jpeg',11740,'2016-04-18 16:15:51',3,NULL),(141,2,'2016-04-18 16:16:17','2016-04-18 16:16:17','Fernando Martinez','Is now following you','open-uri20160417-18911-as4h89','image/jpeg',11740,'2016-04-18 16:16:17',3,NULL),(142,2,'2016-04-18 16:16:22','2016-04-18 16:16:22','Fernando Martinez','Is now following you','open-uri20160417-18911-as4h89','image/jpeg',11740,'2016-04-18 16:16:22',3,NULL),(143,2,'2016-04-18 16:18:28','2016-04-18 16:18:28','Fernando Martinez','Is now following you','open-uri20160417-18911-as4h89','image/jpeg',11740,'2016-04-18 16:18:28',3,NULL);
/*!40000 ALTER TABLE `notifications` ENABLE KEYS */;
UNLOCK TABLES;

--
-- Table structure for table `posts`
--

DROP TABLE IF EXISTS `posts`;
/*!40101 SET @saved_cs_client     = @@character_set_client */;
/*!40101 SET character_set_client = utf8 */;
CREATE TABLE `posts` (
  `id` int(11) NOT NULL AUTO_INCREMENT,
  `user_id` int(11) DEFAULT NULL,
  `created_at` datetime NOT NULL,
  `updated_at` datetime NOT NULL,
  `title` varchar(255) COLLATE utf8_unicode_ci DEFAULT NULL,
  `subtitle` varchar(255) COLLATE utf8_unicode_ci DEFAULT NULL,
  `image_file_name` varchar(255) COLLATE utf8_unicode_ci DEFAULT NULL,
  `image_content_type` varchar(255) COLLATE utf8_unicode_ci DEFAULT NULL,
  `image_file_size` int(11) DEFAULT NULL,
  `image_updated_at` datetime DEFAULT NULL,
  `post_type` int(11) DEFAULT NULL,
  `shared_post` tinyint(1) DEFAULT NULL,
  `person_sharing` varchar(255) COLLATE utf8_unicode_ci DEFAULT NULL,
  `person_sharing_id` int(11) DEFAULT NULL,
  PRIMARY KEY (`id`)
) ENGINE=InnoDB AUTO_INCREMENT=67 DEFAULT CHARSET=utf8 COLLATE=utf8_unicode_ci;
/*!40101 SET character_set_client = @saved_cs_client */;

--
-- Dumping data for table `posts`
--

LOCK TABLES `posts` WRITE;
/*!40000 ALTER TABLE `posts` DISABLE KEYS */;
INSERT INTO `posts` VALUES (1,1,'2016-04-03 12:59:07','2016-04-03 12:59:07','Title User number 0','Subtitle kind of action number 0','nando_02.jpg','image/jpeg',102296,'2016-04-03 12:59:07',2,0,NULL,NULL),(2,1,'2016-04-03 12:59:07','2016-04-03 12:59:07','Title User number 1','Subtitle kind of action number 1','nando_02.jpg','image/jpeg',102296,'2016-04-03 12:59:07',2,0,NULL,NULL),(3,1,'2016-04-03 12:59:07','2016-04-03 12:59:07','Title User number 2','Subtitle kind of action number 2','nando_02.jpg','image/jpeg',102296,'2016-04-03 12:59:07',2,0,NULL,NULL),(4,1,'2016-04-03 12:59:08','2016-04-03 12:59:08','Title User number 3','Subtitle kind of action number 3','nando_02.jpg','image/jpeg',102296,'2016-04-03 12:59:07',2,0,NULL,NULL),(5,1,'2016-04-03 12:59:08','2016-04-03 12:59:08','Title User number 4','Subtitle kind of action number 4','nando_02.jpg','image/jpeg',102296,'2016-04-03 12:59:08',2,0,NULL,NULL),(6,1,'2016-04-03 12:59:08','2016-04-03 12:59:08','Title User number 5','Subtitle kind of action number 5','nando_02.jpg','image/jpeg',102296,'2016-04-03 12:59:08',2,0,NULL,NULL),(7,1,'2016-04-03 12:59:08','2016-04-03 12:59:08','Title User number 6','Subtitle kind of action number 6','nando_02.jpg','image/jpeg',102296,'2016-04-03 12:59:08',2,0,NULL,NULL),(8,1,'2016-04-03 12:59:08','2016-04-03 12:59:08','Title User number 7','Subtitle kind of action number 7','nando_02.jpg','image/jpeg',102296,'2016-04-03 12:59:08',2,0,NULL,NULL),(9,1,'2016-04-03 12:59:09','2016-04-03 12:59:09','Title User number 8','Subtitle kind of action number 8','nando_02.jpg','image/jpeg',102296,'2016-04-03 12:59:08',2,0,NULL,NULL),(10,1,'2016-04-03 12:59:09','2016-04-03 12:59:09','Title User number 9','Subtitle kind of action number 9','nando_02.jpg','image/jpeg',102296,'2016-04-03 12:59:09',2,0,NULL,NULL),(11,1,'2016-04-03 12:59:09','2016-04-03 12:59:09','Title User number 10','Subtitle kind of action number 10','nando_02.jpg','image/jpeg',102296,'2016-04-03 12:59:09',2,0,NULL,NULL),(12,2,'2016-04-03 12:59:26','2016-04-03 12:59:26','Title User number 0','Subtitle kind of action number 0','nando_02.jpg','image/jpeg',102296,'2016-04-03 12:59:26',2,0,NULL,NULL),(13,2,'2016-04-03 12:59:26','2016-04-03 12:59:26','Title User number 1','Subtitle kind of action number 1','nando_02.jpg','image/jpeg',102296,'2016-04-03 12:59:26',2,0,NULL,NULL),(14,2,'2016-04-03 12:59:27','2016-04-03 12:59:27','Title User number 2','Subtitle kind of action number 2','nando_02.jpg','image/jpeg',102296,'2016-04-03 12:59:26',2,0,NULL,NULL),(15,2,'2016-04-03 12:59:27','2016-04-03 12:59:27','Title User number 3','Subtitle kind of action number 3','nando_02.jpg','image/jpeg',102296,'2016-04-03 12:59:27',2,0,NULL,NULL),(16,2,'2016-04-03 12:59:27','2016-04-03 12:59:27','Title User number 4','Subtitle kind of action number 4','nando_02.jpg','image/jpeg',102296,'2016-04-03 12:59:27',2,0,NULL,NULL),(17,2,'2016-04-03 12:59:27','2016-04-03 12:59:27','Title User number 5','Subtitle kind of action number 5','nando_02.jpg','image/jpeg',102296,'2016-04-03 12:59:27',2,0,NULL,NULL),(18,2,'2016-04-03 12:59:27','2016-04-03 12:59:27','Title User number 6','Subtitle kind of action number 6','nando_02.jpg','image/jpeg',102296,'2016-04-03 12:59:27',2,0,NULL,NULL),(19,2,'2016-04-03 12:59:27','2016-04-03 12:59:27','Title User number 7','Subtitle kind of action number 7','nando_02.jpg','image/jpeg',102296,'2016-04-03 12:59:27',2,0,NULL,NULL),(20,2,'2016-04-03 12:59:28','2016-04-03 12:59:28','Title User number 8','Subtitle kind of action number 8','nando_02.jpg','image/jpeg',102296,'2016-04-03 12:59:27',2,0,NULL,NULL),(21,2,'2016-04-03 12:59:28','2016-04-03 12:59:28','Title User number 9','Subtitle kind of action number 9','nando_02.jpg','image/jpeg',102296,'2016-04-03 12:59:28',2,0,NULL,NULL),(22,2,'2016-04-03 12:59:28','2016-04-03 12:59:28','Title User number 10','Subtitle kind of action number 10','nando_02.jpg','image/jpeg',102296,'2016-04-03 12:59:28',2,0,NULL,NULL),(23,3,'2016-04-03 12:59:39','2016-04-03 12:59:39','Title User number 0','Subtitle kind of action number 0','nando_02.jpg','image/jpeg',102296,'2016-04-03 12:59:39',2,0,NULL,NULL),(24,3,'2016-04-03 12:59:39','2016-04-03 12:59:39','Title User number 1','Subtitle kind of action number 1','nando_02.jpg','image/jpeg',102296,'2016-04-03 12:59:39',2,0,NULL,NULL),(25,3,'2016-04-03 12:59:40','2016-04-03 12:59:40','Title User number 2','Subtitle kind of action number 2','nando_02.jpg','image/jpeg',102296,'2016-04-03 12:59:40',2,0,NULL,NULL),(26,3,'2016-04-03 12:59:40','2016-04-03 12:59:40','Title User number 3','Subtitle kind of action number 3','nando_02.jpg','image/jpeg',102296,'2016-04-03 12:59:40',2,0,NULL,NULL),(27,3,'2016-04-03 12:59:40','2016-04-03 12:59:40','Title User number 4','Subtitle kind of action number 4','nando_02.jpg','image/jpeg',102296,'2016-04-03 12:59:40',2,0,NULL,NULL),(28,3,'2016-04-03 12:59:40','2016-04-03 12:59:40','Title User number 5','Subtitle kind of action number 5','nando_02.jpg','image/jpeg',102296,'2016-04-03 12:59:40',2,0,NULL,NULL),(29,3,'2016-04-03 12:59:40','2016-04-03 12:59:40','Title User number 6','Subtitle kind of action number 6','nando_02.jpg','image/jpeg',102296,'2016-04-03 12:59:40',2,0,NULL,NULL),(30,3,'2016-04-03 12:59:41','2016-04-03 12:59:41','Title User number 7','Subtitle kind of action number 7','nando_02.jpg','image/jpeg',102296,'2016-04-03 12:59:40',2,0,NULL,NULL),(31,3,'2016-04-03 12:59:41','2016-04-03 12:59:41','Title User number 8','Subtitle kind of action number 8','nando_02.jpg','image/jpeg',102296,'2016-04-03 12:59:41',2,0,NULL,NULL),(32,3,'2016-04-03 12:59:41','2016-04-03 12:59:41','Title User number 9','Subtitle kind of action number 9','nando_02.jpg','image/jpeg',102296,'2016-04-03 12:59:41',2,0,NULL,NULL),(33,3,'2016-04-03 12:59:41','2016-04-03 12:59:41','Title User number 10','Subtitle kind of action number 10','nando_02.jpg','image/jpeg',102296,'2016-04-03 12:59:41',2,0,NULL,NULL),(34,4,'2016-04-03 12:59:49','2016-04-03 12:59:49','Title User number 0','Subtitle kind of action number 0','nando_02.jpg','image/jpeg',102296,'2016-04-03 12:59:49',2,0,NULL,NULL),(35,4,'2016-04-03 12:59:50','2016-04-03 12:59:50','Title User number 1','Subtitle kind of action number 1','nando_02.jpg','image/jpeg',102296,'2016-04-03 12:59:49',2,0,NULL,NULL),(36,4,'2016-04-03 12:59:50','2016-04-03 12:59:50','Title User number 2','Subtitle kind of action number 2','nando_02.jpg','image/jpeg',102296,'2016-04-03 12:59:50',2,0,NULL,NULL),(37,4,'2016-04-03 12:59:50','2016-04-03 12:59:50','Title User number 3','Subtitle kind of action number 3','nando_02.jpg','image/jpeg',102296,'2016-04-03 12:59:50',2,0,NULL,NULL),(38,4,'2016-04-03 12:59:50','2016-04-03 12:59:50','Title User number 4','Subtitle kind of action number 4','nando_02.jpg','image/jpeg',102296,'2016-04-03 12:59:50',2,0,NULL,NULL),(39,4,'2016-04-03 12:59:50','2016-04-03 12:59:50','Title User number 5','Subtitle kind of action number 5','nando_02.jpg','image/jpeg',102296,'2016-04-03 12:59:50',2,0,NULL,NULL),(40,4,'2016-04-03 12:59:51','2016-04-03 12:59:51','Title User number 6','Subtitle kind of action number 6','nando_02.jpg','image/jpeg',102296,'2016-04-03 12:59:50',2,0,NULL,NULL),(41,4,'2016-04-03 12:59:51','2016-04-03 12:59:51','Title User number 7','Subtitle kind of action number 7','nando_02.jpg','image/jpeg',102296,'2016-04-03 12:59:51',2,0,NULL,NULL),(42,4,'2016-04-03 12:59:51','2016-04-03 12:59:51','Title User number 8','Subtitle kind of action number 8','nando_02.jpg','image/jpeg',102296,'2016-04-03 12:59:51',2,0,NULL,NULL),(43,4,'2016-04-03 12:59:51','2016-04-03 20:40:09','Title User number 9','Subtitle kind of action number 9','nando_02.jpg','image/jpeg',102296,'2016-04-03 12:59:51',2,1,'Fernando2 Martinez2',3),(44,4,'2016-04-03 12:59:51','2016-04-03 20:34:42','Title User number 10','Subtitle kind of action number 10','nando_02.jpg','image/jpeg',102296,'2016-04-03 12:59:51',2,1,'Fernando0 Martinez0',1),(45,4,'2016-04-03 20:44:37','2016-04-03 20:44:37','Title User number 8','Subtitle kind of action number 8','nando_02.jpg','image/jpeg',102296,NULL,2,1,'Fernando2 Martinez2',3),(46,2,'2016-04-04 20:05:54','2016-04-04 20:05:54','user 2 escribio esto','user 2 subtitle',NULL,NULL,NULL,NULL,NULL,NULL,NULL,NULL),(47,2,'2016-04-04 21:59:00','2016-04-04 21:59:00','user 2 escribio esto','user 2 subtitle',NULL,NULL,NULL,NULL,NULL,1,'Fernando0 Martinez0',1),(48,2,'2016-04-04 22:01:24','2016-04-04 22:01:24','user 2 escribio esto','user 2 subtitle',NULL,NULL,NULL,NULL,NULL,1,'Fernando9 Martinez9',10),(49,2,'2016-04-15 02:48:52','2016-04-15 02:48:52','Title User number 0','Subtitle kind of action number 0','nando_02.jpg','image/jpeg',102296,'2016-04-03 12:59:26',2,1,'Fernando0 Martinez0',1),(50,2,'2016-04-15 02:48:52','2016-04-15 02:48:52','Title User number 1','Subtitle kind of action number 1','nando_02.jpg','image/jpeg',102296,'2016-04-03 12:59:26',2,1,'Fernando0 Martinez0',1),(51,2,'2016-04-15 02:48:52','2016-04-15 02:48:52','Title User number 2','Subtitle kind of action number 2','nando_02.jpg','image/jpeg',102296,'2016-04-03 12:59:26',2,1,'Fernando0 Martinez0',1),(52,2,'2016-04-15 02:48:52','2016-04-15 02:48:52','Title User number 3','Subtitle kind of action number 3','nando_02.jpg','image/jpeg',102296,'2016-04-03 12:59:27',2,1,'Fernando0 Martinez0',1),(53,2,'2016-04-15 02:48:52','2016-04-15 02:48:52','Title User number 4','Subtitle kind of action number 4','nando_02.jpg','image/jpeg',102296,'2016-04-03 12:59:27',2,1,'Fernando0 Martinez0',1),(54,2,'2016-04-15 02:48:52','2016-04-15 02:48:52','Title User number 5','Subtitle kind of action number 5','nando_02.jpg','image/jpeg',102296,'2016-04-03 12:59:27',2,1,'Fernando0 Martinez0',1),(55,2,'2016-04-15 02:48:52','2016-04-15 02:48:52','Title User number 6','Subtitle kind of action number 6','nando_02.jpg','image/jpeg',102296,'2016-04-03 12:59:27',2,1,'Fernando0 Martinez0',1),(56,2,'2016-04-15 02:48:52','2016-04-15 02:48:52','Title User number 7','Subtitle kind of action number 7','nando_02.jpg','image/jpeg',102296,'2016-04-03 12:59:27',2,1,'Fernando0 Martinez0',1),(57,2,'2016-04-15 02:48:52','2016-04-15 02:48:52','Title User number 8','Subtitle kind of action number 8','nando_02.jpg','image/jpeg',102296,'2016-04-03 12:59:27',2,1,'Fernando0 Martinez0',1),(58,2,'2016-04-15 02:48:52','2016-04-15 02:48:52','Title User number 9','Subtitle kind of action number 9','nando_02.jpg','image/jpeg',102296,'2016-04-03 12:59:28',2,1,'Fernando0 Martinez0',1),(59,2,'2016-04-15 02:52:43','2016-04-15 02:52:43','Title User number 0','Subtitle kind of action number 0','nando_02.jpg','image/jpeg',102296,'2016-04-03 12:59:26',2,1,'Fernando0 Martinez0',1),(60,2,'2016-04-15 23:33:30','2016-04-15 23:33:30','Title User number 0','Subtitle kind of action number 0','nando_02.jpg','image/jpeg',102296,'2016-04-03 12:59:26',2,1,'Fernando0 Martinez0',1),(61,2,'2016-04-15 23:38:44','2016-04-15 23:38:44','Title User number 0','Subtitle kind of action number 0','nando_02.jpg','image/jpeg',102296,'2016-04-03 12:59:26',2,1,'Fernando0 Martinez0',1),(62,2,'2016-04-15 23:40:13','2016-04-15 23:40:13','Title User number 0','Subtitle kind of action number 0','nando_02.jpg','image/jpeg',102296,'2016-04-03 12:59:26',2,1,'Fernando0 Martinez0',1),(63,2,'2016-04-15 23:40:13','2016-04-15 23:40:13','Title User number 0','Subtitle kind of action number 0','nando_02.jpg','image/jpeg',102296,'2016-04-03 12:59:26',2,1,'Fernando0 Martinez0',1),(64,2,'2016-04-15 23:41:39','2016-04-15 23:41:39','Title User number 0','Subtitle kind of action number 0','nando_02.jpg','image/jpeg',102296,'2016-04-03 12:59:26',2,1,'Fernando0 Martinez0',1),(65,2,'2016-04-15 23:42:12','2016-04-15 23:42:12','Title User number 0','Subtitle kind of action number 0','nando_02.jpg','image/jpeg',102296,'2016-04-03 12:59:26',2,1,'Fernando0 Martinez0',1),(66,2,'2016-04-15 23:44:23','2016-04-15 23:44:23','Title User number 0','Subtitle kind of action number 0','nando_02.jpg','image/jpeg',102296,'2016-04-03 12:59:26',2,1,'Fernando0 Martinez0',1);
/*!40000 ALTER TABLE `posts` ENABLE KEYS */;
UNLOCK TABLES;

--
-- Table structure for table `privacies`
--

DROP TABLE IF EXISTS `privacies`;
/*!40101 SET @saved_cs_client     = @@character_set_client */;
/*!40101 SET character_set_client = utf8 */;
CREATE TABLE `privacies` (
  `id` int(11) NOT NULL AUTO_INCREMENT,
  `created_at` datetime NOT NULL,
  `updated_at` datetime NOT NULL,
  PRIMARY KEY (`id`)
) ENGINE=InnoDB DEFAULT CHARSET=utf8 COLLATE=utf8_unicode_ci;
/*!40101 SET character_set_client = @saved_cs_client */;

--
-- Dumping data for table `privacies`
--

LOCK TABLES `privacies` WRITE;
/*!40000 ALTER TABLE `privacies` DISABLE KEYS */;
/*!40000 ALTER TABLE `privacies` ENABLE KEYS */;
UNLOCK TABLES;

--
-- Table structure for table `problems`
--

DROP TABLE IF EXISTS `problems`;
/*!40101 SET @saved_cs_client     = @@character_set_client */;
/*!40101 SET character_set_client = utf8 */;
CREATE TABLE `problems` (
  `id` int(11) NOT NULL AUTO_INCREMENT,
  `user_id` int(11) DEFAULT NULL,
  `created_at` datetime NOT NULL,
  `updated_at` datetime NOT NULL,
  PRIMARY KEY (`id`)
) ENGINE=InnoDB DEFAULT CHARSET=utf8 COLLATE=utf8_unicode_ci;
/*!40101 SET character_set_client = @saved_cs_client */;

--
-- Dumping data for table `problems`
--

LOCK TABLES `problems` WRITE;
/*!40000 ALTER TABLE `problems` DISABLE KEYS */;
/*!40000 ALTER TABLE `problems` ENABLE KEYS */;
UNLOCK TABLES;

--
-- Table structure for table `schema_migrations`
--

DROP TABLE IF EXISTS `schema_migrations`;
/*!40101 SET @saved_cs_client     = @@character_set_client */;
/*!40101 SET character_set_client = utf8 */;
CREATE TABLE `schema_migrations` (
  `version` varchar(255) COLLATE utf8_unicode_ci NOT NULL,
  UNIQUE KEY `unique_schema_migrations` (`version`)
) ENGINE=InnoDB DEFAULT CHARSET=utf8 COLLATE=utf8_unicode_ci;
/*!40101 SET character_set_client = @saved_cs_client */;

--
-- Dumping data for table `schema_migrations`
--

LOCK TABLES `schema_migrations` WRITE;
/*!40000 ALTER TABLE `schema_migrations` DISABLE KEYS */;
INSERT INTO `schema_migrations` VALUES ('20160304180730'),('20160304180743'),('20160304180751'),('20160304180759'),('20160304180814'),('20160304180828'),('20160304180833'),('20160304180838'),('20160304180842'),('20160304180847'),('20160304200441'),('20160309231123'),('20160310145748'),('20160313131330'),('20160313131426'),('20160316135141'),('20160316144445'),('20160316150533'),('20160317210553'),('20160317210611'),('20160317211350'),('20160320174931'),('20160320184852'),('20160331173029'),('20160331173049'),('20160331173616'),('20160331182256'),('20160331182337'),('20160331193817'),('20160403153816'),('20160403161036'),('20160403202918'),('20160403210344'),('20160404113301'),('20160404114631'),('20160404223004'),('20160404224724'),('20160414132343'),('20160416003805'),('20160416145330'),('20160416145530'),('20160417013644'),('20160418022510');
/*!40000 ALTER TABLE `schema_migrations` ENABLE KEYS */;
UNLOCK TABLES;

--
-- Table structure for table `terms`
--

DROP TABLE IF EXISTS `terms`;
/*!40101 SET @saved_cs_client     = @@character_set_client */;
/*!40101 SET character_set_client = utf8 */;
CREATE TABLE `terms` (
  `id` int(11) NOT NULL AUTO_INCREMENT,
  `created_at` datetime NOT NULL,
  `updated_at` datetime NOT NULL,
  PRIMARY KEY (`id`)
) ENGINE=InnoDB DEFAULT CHARSET=utf8 COLLATE=utf8_unicode_ci;
/*!40101 SET character_set_client = @saved_cs_client */;

--
-- Dumping data for table `terms`
--

LOCK TABLES `terms` WRITE;
/*!40000 ALTER TABLE `terms` DISABLE KEYS */;
/*!40000 ALTER TABLE `terms` ENABLE KEYS */;
UNLOCK TABLES;

--
-- Table structure for table `users`
--

DROP TABLE IF EXISTS `users`;
/*!40101 SET @saved_cs_client     = @@character_set_client */;
/*!40101 SET character_set_client = utf8 */;
CREATE TABLE `users` (
  `id` int(11) NOT NULL AUTO_INCREMENT,
  `email` varchar(255) COLLATE utf8_unicode_ci NOT NULL DEFAULT '',
  `encrypted_password` varchar(255) COLLATE utf8_unicode_ci NOT NULL DEFAULT '',
  `reset_password_token` varchar(255) COLLATE utf8_unicode_ci DEFAULT NULL,
  `reset_password_sent_at` datetime DEFAULT NULL,
  `remember_created_at` datetime DEFAULT NULL,
  `sign_in_count` int(11) NOT NULL DEFAULT '0',
  `current_sign_in_at` datetime DEFAULT NULL,
  `last_sign_in_at` datetime DEFAULT NULL,
  `current_sign_in_ip` varchar(255) COLLATE utf8_unicode_ci DEFAULT NULL,
  `last_sign_in_ip` varchar(255) COLLATE utf8_unicode_ci DEFAULT NULL,
  `created_at` datetime NOT NULL,
  `updated_at` datetime NOT NULL,
  `first_name` varchar(255) COLLATE utf8_unicode_ci DEFAULT NULL,
  `last_name` varchar(255) COLLATE utf8_unicode_ci DEFAULT NULL,
  `profile_picture_file_name` varchar(255) COLLATE utf8_unicode_ci DEFAULT NULL,
  `profile_picture_content_type` varchar(255) COLLATE utf8_unicode_ci DEFAULT NULL,
  `profile_picture_file_size` int(11) DEFAULT NULL,
  `profile_picture_updated_at` datetime DEFAULT NULL,
  `city` varchar(255) COLLATE utf8_unicode_ci DEFAULT NULL,
  `country` varchar(255) COLLATE utf8_unicode_ci DEFAULT NULL,
  `job_title` varchar(255) COLLATE utf8_unicode_ci DEFAULT NULL,
  `company_name` varchar(255) COLLATE utf8_unicode_ci DEFAULT NULL,
  `active_location` tinyint(1) DEFAULT NULL,
  `private_advise` tinyint(1) DEFAULT NULL,
  `facebook_id` varchar(255) COLLATE utf8_unicode_ci DEFAULT NULL,
  `biography` text COLLATE utf8_unicode_ci,
  `phone` varchar(255) COLLATE utf8_unicode_ci DEFAULT NULL,
  `birthdate` date DEFAULT NULL,
  `gender` varchar(255) COLLATE utf8_unicode_ci DEFAULT 'male',
  `facebook_link` varchar(255) COLLATE utf8_unicode_ci DEFAULT NULL,
  `fb_token` varchar(255) COLLATE utf8_unicode_ci DEFAULT NULL,
  `confirmed_at` datetime DEFAULT NULL,
  `confirmation_sent_at` datetime DEFAULT NULL,
  `provider` varchar(255) COLLATE utf8_unicode_ci DEFAULT NULL,
  `uid` varchar(255) COLLATE utf8_unicode_ci DEFAULT NULL,
  PRIMARY KEY (`id`),
  UNIQUE KEY `index_users_on_email` (`email`),
  UNIQUE KEY `index_users_on_reset_password_token` (`reset_password_token`)
) ENGINE=InnoDB AUTO_INCREMENT=127 DEFAULT CHARSET=utf8 COLLATE=utf8_unicode_ci;
/*!40101 SET character_set_client = @saved_cs_client */;

--
-- Dumping data for table `users`
--

LOCK TABLES `users` WRITE;
/*!40000 ALTER TABLE `users` DISABLE KEYS */;
INSERT INTO `users` VALUES (1,'nando0@hotmail.com','$2a$10$tTtHijGLH038r0Wncm98Ze8jwuSksid.CLjPwI51Kwvd33FQOTeku',NULL,NULL,NULL,2,'2016-04-16 15:52:59','2016-04-11 17:07:16','::1','::1','2016-04-03 13:00:10','2016-04-18 01:31:33','Fernando0','Martinez0','nando_02.jpg','image/jpeg',102296,'2016-04-03 13:00:10','Caracas','Venezuela','Linio','bi coordinator',1,0,NULL,NULL,NULL,NULL,'male',NULL,NULL,NULL,NULL,NULL,NULL),(2,'nando1@hotmail.com','$2a$10$AfL1TsXnO3Bya7clzhhbuu2GUO8z.L78ALnsj7B3VvAdz18aEWNjO',NULL,NULL,NULL,0,NULL,NULL,NULL,NULL,'2016-04-03 13:00:11','2016-04-03 13:00:11','Fernando1','Martinez1','nando_02.jpg','image/jpeg',102296,'2016-04-03 13:00:11','Caracas','Venezuela','Gerente de mercadeo','Diageo',NULL,NULL,NULL,NULL,NULL,NULL,'male',NULL,NULL,NULL,NULL,NULL,NULL),(3,'nando2@hotmail.com','$2a$10$Sz5d9ZwuEcEFye9CVTa4DecPexiJCi/hzjYM/dL11oNbivfZMtKly',NULL,NULL,NULL,0,NULL,NULL,NULL,NULL,'2016-04-03 13:00:11','2016-04-03 13:00:11','Fernando2','Martinez2','nando_02.jpg','image/jpeg',102296,'2016-04-03 13:00:11','Caracas','Venezuela','Gerente de mercadeo','Diageo',NULL,NULL,NULL,NULL,NULL,NULL,'male',NULL,NULL,NULL,NULL,NULL,NULL),(4,'nando3@hotmail.com','$2a$10$4QdKrlGTAsEx1rOFTwuGAOcYFGYg0qwXj3GfK3KYhRqDyLD4DgPvO',NULL,NULL,NULL,0,NULL,NULL,NULL,NULL,'2016-04-03 13:00:11','2016-04-03 13:00:11','Fernando3','Martinez3','nando_02.jpg','image/jpeg',102296,'2016-04-03 13:00:11','Caracas','Venezuela','Gerente de mercadeo','Diageo',NULL,NULL,NULL,NULL,NULL,NULL,'male',NULL,NULL,NULL,NULL,NULL,NULL),(5,'nando4@hotmail.com','$2a$10$USJw6SrmaUnjXlSMrHXpJuPfJ33MmEz5rfTf2UvH5.N/RuheMfBf6',NULL,NULL,NULL,0,NULL,NULL,NULL,NULL,'2016-04-03 13:00:12','2016-04-04 11:42:07','Fernando4','Martinez4','nando_02.jpg','image/jpeg',102296,'2016-04-03 13:00:11','Caracas','Venezuela','CEO','Protokol',NULL,NULL,NULL,NULL,NULL,NULL,'male',NULL,NULL,NULL,NULL,NULL,NULL),(6,'nando5@hotmail.com','$2a$10$3C9mAdbyBD2ePi0ikENBL.mAvo7Gpc9IT3f/6TCJrgp0dWWdYi/MO',NULL,NULL,NULL,0,NULL,NULL,NULL,NULL,'2016-04-03 13:00:12','2016-04-03 13:00:12','Fernando5','Martinez5','nando_02.jpg','image/jpeg',102296,'2016-04-03 13:00:12','Caracas','Venezuela','Gerente de mercadeo','Diageo',NULL,NULL,NULL,NULL,NULL,NULL,'male',NULL,NULL,NULL,NULL,NULL,NULL),(7,'nando6@hotmail.com','$2a$10$ilIAIWA1byHANxqYwK3AK.tQ7ffYdJJgWfX9zXDF8HozyYZQYxh6y',NULL,NULL,NULL,0,NULL,NULL,NULL,NULL,'2016-04-03 13:00:12','2016-04-03 13:00:12','Fernando6','Martinez6','nando_02.jpg','image/jpeg',102296,'2016-04-03 13:00:12','Caracas','Venezuela','Gerente de mercadeo','Diageo',NULL,NULL,NULL,NULL,NULL,NULL,'male',NULL,NULL,NULL,NULL,NULL,NULL),(8,'nando7@hotmail.com','$2a$10$OO4tAr1Z54BCMW2N9siKuuOJKBBUmdTa6CHC.NfqyH5cePkK/gw2a',NULL,NULL,NULL,0,NULL,NULL,NULL,NULL,'2016-04-03 13:00:12','2016-04-03 13:00:12','Fernando7','Martinez7','nando_02.jpg','image/jpeg',102296,'2016-04-03 13:00:12','Caracas','Venezuela','Gerente de mercadeo','Diageo',NULL,NULL,NULL,NULL,NULL,NULL,'male',NULL,NULL,NULL,NULL,NULL,NULL),(9,'nando8@hotmail.com','$2a$10$HLII9IrMz9gHqy1.0pJKjOqEYmpiAhQiJGqnAy8WmZgZwkCMdHXi2',NULL,NULL,NULL,0,NULL,NULL,NULL,NULL,'2016-04-03 13:00:13','2016-04-03 13:00:13','Fernando8','Martinez8','nando_02.jpg','image/jpeg',102296,'2016-04-03 13:00:13','Caracas','Venezuela','Gerente de mercadeo','Diageo',NULL,NULL,NULL,NULL,NULL,NULL,'male',NULL,NULL,NULL,NULL,NULL,NULL),(10,'nando9@hotmail.com','$2a$10$dCFeRBPI2tetobJDjORB0O2DWaJSS70UcEXvGTMAHpPFGhmj2jRXG',NULL,NULL,NULL,0,NULL,NULL,NULL,NULL,'2016-04-03 13:00:13','2016-04-03 13:00:13','Fernando9','Martinez9','nando_02.jpg','image/jpeg',102296,'2016-04-03 13:00:13','Caracas','Venezuela','Gerente de mercadeo','Diageo',NULL,NULL,NULL,NULL,NULL,NULL,'male',NULL,NULL,NULL,NULL,NULL,NULL),(11,'nando10@hotmail.com','$2a$10$6gpnQXE9HPf68jrwxZjr2.nK4l8My3ucN2Oa2JyKSBKVgb4JnakJ2',NULL,NULL,NULL,0,NULL,NULL,NULL,NULL,'2016-04-03 13:00:13','2016-04-03 13:00:13','Fernando10','Martinez10','nando_02.jpg','image/jpeg',102296,'2016-04-03 13:00:13','Caracas','Venezuela','Gerente de mercadeo','Diageo',NULL,NULL,NULL,NULL,NULL,NULL,'male',NULL,NULL,NULL,NULL,NULL,NULL),(12,'nando11@hotmail.com','$2a$10$7rE.ENu3HTRryCMkasjoZu6B7akxrCNmpeb36uWqJFsGF6elsLJkm',NULL,NULL,NULL,0,NULL,NULL,NULL,NULL,'2016-04-03 13:00:14','2016-04-03 13:00:14','Fernando11','Martinez11','nando_02.jpg','image/jpeg',102296,'2016-04-03 13:00:13','Caracas','Venezuela','Gerente de mercadeo','Diageo',NULL,NULL,NULL,NULL,NULL,NULL,'male',NULL,NULL,NULL,NULL,NULL,NULL),(13,'nando12@hotmail.com','$2a$10$zhKYf6ukmKUwwey9qR7adOmeq0WKKzvvKzWFmduGEBPpAdn3atdyO',NULL,NULL,NULL,0,NULL,NULL,NULL,NULL,'2016-04-03 13:00:14','2016-04-03 13:00:14','Fernando12','Martinez12','nando_02.jpg','image/jpeg',102296,'2016-04-03 13:00:14','Caracas','Venezuela','Gerente de mercadeo','Diageo',NULL,NULL,NULL,NULL,NULL,NULL,'male',NULL,NULL,NULL,NULL,NULL,NULL),(14,'nando13@hotmail.com','$2a$10$5YxouxEbMbgEORJSPNzwo.2imhWUa5kMvuHyjNyKq4z2Wq1BFTWQW',NULL,NULL,NULL,0,NULL,NULL,NULL,NULL,'2016-04-03 13:00:14','2016-04-03 13:00:14','Fernando13','Martinez13','nando_02.jpg','image/jpeg',102296,'2016-04-03 13:00:14','Caracas','Venezuela','Gerente de mercadeo','Diageo',NULL,NULL,NULL,NULL,NULL,NULL,'male',NULL,NULL,NULL,NULL,NULL,NULL),(15,'nando14@hotmail.com','$2a$10$V4ieEbPAx/uEP.RMxyzicewW9icTpzk/ETyitWEbj6Z8yMzWFlkK.',NULL,NULL,NULL,0,NULL,NULL,NULL,NULL,'2016-04-03 13:00:14','2016-04-03 13:00:14','Fernando14','Martinez14','nando_02.jpg','image/jpeg',102296,'2016-04-03 13:00:14','Caracas','Venezuela','Gerente de mercadeo','Diageo',NULL,NULL,NULL,NULL,NULL,NULL,'male',NULL,NULL,NULL,NULL,NULL,NULL),(16,'nando15@hotmail.com','$2a$10$eOCXTG2XWwC409KY91JdCuh6MhSsTzqV3hRRUQVLqMIb75qtWoTyK',NULL,NULL,NULL,0,NULL,NULL,NULL,NULL,'2016-04-03 13:00:15','2016-04-03 13:00:15','Fernando15','Martinez15','nando_02.jpg','image/jpeg',102296,'2016-04-03 13:00:14','Caracas','Venezuela','Gerente de mercadeo','Diageo',NULL,NULL,NULL,NULL,NULL,NULL,'male',NULL,NULL,NULL,NULL,NULL,NULL),(17,'nando16@hotmail.com','$2a$10$TvkkZnsREapmD3UCQob.0OEvAu.BriR8OGKTohKQBrpAh9qY5PWxy',NULL,NULL,NULL,0,NULL,NULL,NULL,NULL,'2016-04-03 13:00:15','2016-04-03 13:00:15','Fernando16','Martinez16','nando_02.jpg','image/jpeg',102296,'2016-04-03 13:00:15','Caracas','Venezuela','Gerente de mercadeo','Diageo',NULL,NULL,NULL,NULL,NULL,NULL,'male',NULL,NULL,NULL,NULL,NULL,NULL),(18,'nando17@hotmail.com','$2a$10$wDF/7kqRZ2B1ri.YxrJ6X.tgoqNcwXLM8f9Zl95nzuvsvfX3jZr1q',NULL,NULL,NULL,0,NULL,NULL,NULL,NULL,'2016-04-03 13:00:15','2016-04-03 13:00:15','Fernando17','Martinez17','nando_02.jpg','image/jpeg',102296,'2016-04-03 13:00:15','Caracas','Venezuela','Gerente de mercadeo','Diageo',NULL,NULL,NULL,NULL,NULL,NULL,'male',NULL,NULL,NULL,NULL,NULL,NULL),(19,'nando18@hotmail.com','$2a$10$hMPuZO2rnu3mckqydQtyNufg0B.s3rQajZ76Q3cdIhR0wK5p95kL2',NULL,NULL,NULL,0,NULL,NULL,NULL,NULL,'2016-04-03 13:00:15','2016-04-03 13:00:15','Fernando18','Martinez18','nando_02.jpg','image/jpeg',102296,'2016-04-03 13:00:15','Caracas','Venezuela','Gerente de mercadeo','Diageo',NULL,NULL,NULL,NULL,NULL,NULL,'male',NULL,NULL,NULL,NULL,NULL,NULL),(20,'nando19@hotmail.com','$2a$10$e9HVnTaMmADuE/Wx/WbIquTERaQOQG6NaQahWEDm6z3dvWVzLs/Ay',NULL,NULL,NULL,0,NULL,NULL,NULL,NULL,'2016-04-03 13:00:16','2016-04-03 13:00:16','Fernando19','Martinez19','nando_02.jpg','image/jpeg',102296,'2016-04-03 13:00:16','Caracas','Venezuela','Gerente de mercadeo','Diageo',NULL,NULL,NULL,NULL,NULL,NULL,'male',NULL,NULL,NULL,NULL,NULL,NULL),(21,'nando20@hotmail.com','$2a$10$I6zQHOU0wrZCT6PNighzaOPdcwW.Va2WFTpARIccNfQ0QgSf9R6pC',NULL,NULL,NULL,0,NULL,NULL,NULL,NULL,'2016-04-03 13:00:16','2016-04-03 13:00:16','Fernando20','Martinez20','nando_02.jpg','image/jpeg',102296,'2016-04-03 13:00:16','Caracas','Venezuela','Gerente de mercadeo','Diageo',NULL,NULL,NULL,NULL,NULL,NULL,'male',NULL,NULL,NULL,NULL,NULL,NULL),(22,'nando21@hotmail.com','$2a$10$VEIgKaCjwPSBBFf4sGa9j.qDaMiVORA.FOOIGSbCiY1.sZ3EaDFYa',NULL,NULL,NULL,0,NULL,NULL,NULL,NULL,'2016-04-03 13:00:16','2016-04-03 13:00:16','Fernando21','Martinez21','nando_02.jpg','image/jpeg',102296,'2016-04-03 13:00:16','Caracas','Venezuela','Gerente de mercadeo','Diageo',NULL,NULL,NULL,NULL,NULL,NULL,'male',NULL,NULL,NULL,NULL,NULL,NULL),(23,'nando22@hotmail.com','$2a$10$V1JNI9FLofThzHdgKDpiq.rhKlIHjZW7JfVtLck5qlGncB/ss8QmK',NULL,NULL,NULL,0,NULL,NULL,NULL,NULL,'2016-04-03 13:00:17','2016-04-03 13:00:17','Fernando22','Martinez22','nando_02.jpg','image/jpeg',102296,'2016-04-03 13:00:16','Caracas','Venezuela','Gerente de mercadeo','Diageo',NULL,NULL,NULL,NULL,NULL,NULL,'male',NULL,NULL,NULL,NULL,NULL,NULL),(24,'nando23@hotmail.com','$2a$10$tTcazKcE5N4IpfTUFU2THujJGRv/XASReqPZIh1KmFDzJ2/BpCPKK',NULL,NULL,NULL,0,NULL,NULL,NULL,NULL,'2016-04-03 13:00:17','2016-04-03 13:00:17','Fernando23','Martinez23','nando_02.jpg','image/jpeg',102296,'2016-04-03 13:00:17','Caracas','Venezuela','Gerente de mercadeo','Diageo',NULL,NULL,NULL,NULL,NULL,NULL,'male',NULL,NULL,NULL,NULL,NULL,NULL),(25,'nando24@hotmail.com','$2a$10$yO3PiW904bPs9uNkBmlenOjaqDRkH0N2WLM0q4BaqrEOx68x3VmoK',NULL,NULL,NULL,0,NULL,NULL,NULL,NULL,'2016-04-03 13:00:17','2016-04-03 13:00:17','Fernando24','Martinez24','nando_02.jpg','image/jpeg',102296,'2016-04-03 13:00:17','Caracas','Venezuela','Gerente de mercadeo','Diageo',NULL,NULL,NULL,NULL,NULL,NULL,'male',NULL,NULL,NULL,NULL,NULL,NULL),(26,'nando25@hotmail.com','$2a$10$/cQxJZuNi58lpshWfGmx0ukBa4hNlUMAzmztC5uPMfZaREHTI8LsK',NULL,NULL,NULL,0,NULL,NULL,NULL,NULL,'2016-04-03 13:00:17','2016-04-03 13:00:17','Fernando25','Martinez25','nando_02.jpg','image/jpeg',102296,'2016-04-03 13:00:17','Caracas','Venezuela','Gerente de mercadeo','Diageo',NULL,NULL,NULL,NULL,NULL,NULL,'male',NULL,NULL,NULL,NULL,NULL,NULL),(27,'nando26@hotmail.com','$2a$10$M1XySWUTT9tnhwh4KGYqH.QEgh7FBEHqGq49pmDoiv.PgP/VxkSEW',NULL,NULL,NULL,0,NULL,NULL,NULL,NULL,'2016-04-03 13:00:18','2016-04-03 13:00:18','Fernando26','Martinez26','nando_02.jpg','image/jpeg',102296,'2016-04-03 13:00:18','Caracas','Venezuela','Gerente de mercadeo','Diageo',NULL,NULL,NULL,NULL,NULL,NULL,'male',NULL,NULL,NULL,NULL,NULL,NULL),(28,'nando27@hotmail.com','$2a$10$gUaUcmE2mFZtoTxaNsC2HObbYhowKqXeUfblr5iIcANtuJoItjlGq',NULL,NULL,NULL,0,NULL,NULL,NULL,NULL,'2016-04-03 13:00:18','2016-04-03 13:00:18','Fernando27','Martinez27','nando_02.jpg','image/jpeg',102296,'2016-04-03 13:00:18','Caracas','Venezuela','Gerente de mercadeo','Diageo',NULL,NULL,NULL,NULL,NULL,NULL,'male',NULL,NULL,NULL,NULL,NULL,NULL),(29,'nando28@hotmail.com','$2a$10$ronOcyJqJAzouOqsap9Pt.Ni8Mpo4YghzRm0G7jBpvhYvqr26JjJK',NULL,NULL,NULL,0,NULL,NULL,NULL,NULL,'2016-04-03 13:00:18','2016-04-03 13:00:18','Fernando28','Martinez28','nando_02.jpg','image/jpeg',102296,'2016-04-03 13:00:18','Caracas','Venezuela','Gerente de mercadeo','Diageo',NULL,NULL,NULL,NULL,NULL,NULL,'male',NULL,NULL,NULL,NULL,NULL,NULL),(30,'nando29@hotmail.com','$2a$10$svJew2KlC9Siyak.Sxd/jeVIJI5D416GpB7Do2h5RdUS3F8MK8aAC',NULL,NULL,NULL,0,NULL,NULL,NULL,NULL,'2016-04-03 13:00:18','2016-04-03 13:00:18','Fernando29','Martinez29','nando_02.jpg','image/jpeg',102296,'2016-04-03 13:00:18','Caracas','Venezuela','Gerente de mercadeo','Diageo',NULL,NULL,NULL,NULL,NULL,NULL,'male',NULL,NULL,NULL,NULL,NULL,NULL),(31,'nando30@hotmail.com','$2a$10$mYCQdsrYxtuYfDyrjQ67K.NmaOQuIwE7Z/l/j4T1bc8TE0UGevFma',NULL,NULL,NULL,0,NULL,NULL,NULL,NULL,'2016-04-03 13:00:19','2016-04-03 13:00:19','Fernando30','Martinez30','nando_02.jpg','image/jpeg',102296,'2016-04-03 13:00:19','Caracas','Venezuela','Gerente de mercadeo','Diageo',NULL,NULL,NULL,NULL,NULL,NULL,'male',NULL,NULL,NULL,NULL,NULL,NULL),(32,'nando31@hotmail.com','$2a$10$nyDSfain0yuMeoh.mYmELenVBlEB4p3Vzz0QFEn/9vbIcce4XBhhK',NULL,NULL,NULL,0,NULL,NULL,NULL,NULL,'2016-04-03 13:00:19','2016-04-03 13:00:19','Fernando31','Martinez31','nando_02.jpg','image/jpeg',102296,'2016-04-03 13:00:19','Caracas','Venezuela','Gerente de mercadeo','Diageo',NULL,NULL,NULL,NULL,NULL,NULL,'male',NULL,NULL,NULL,NULL,NULL,NULL),(33,'nando32@hotmail.com','$2a$10$Yn4QUm4Be8/wJCEpK1EIMemwWpcwDcqLbLhz0bMf3fCFTUXUgqrZW',NULL,NULL,NULL,0,NULL,NULL,NULL,NULL,'2016-04-03 13:00:19','2016-04-03 13:00:19','Fernando32','Martinez32','nando_02.jpg','image/jpeg',102296,'2016-04-03 13:00:19','Caracas','Venezuela','Gerente de mercadeo','Diageo',NULL,NULL,NULL,NULL,NULL,NULL,'male',NULL,NULL,NULL,NULL,NULL,NULL),(34,'nando33@hotmail.com','$2a$10$LoxOzuXaMkDTOYr96qmy1uaBu1oADcGK1XLuaWQ06RMox8Kh0oFNa',NULL,NULL,NULL,0,NULL,NULL,NULL,NULL,'2016-04-03 13:00:19','2016-04-03 13:00:19','Fernando33','Martinez33','nando_02.jpg','image/jpeg',102296,'2016-04-03 13:00:19','Caracas','Venezuela','Gerente de mercadeo','Diageo',NULL,NULL,NULL,NULL,NULL,NULL,'male',NULL,NULL,NULL,NULL,NULL,NULL),(35,'nando34@hotmail.com','$2a$10$9F7aVPsf2xFK5KeC2w.qYemhq4Z4030ky.A47PQYEbcKWH.oiyV1q',NULL,NULL,NULL,0,NULL,NULL,NULL,NULL,'2016-04-03 13:00:20','2016-04-03 13:00:20','Fernando34','Martinez34','nando_02.jpg','image/jpeg',102296,'2016-04-03 13:00:20','Caracas','Venezuela','Gerente de mercadeo','Diageo',NULL,NULL,NULL,NULL,NULL,NULL,'male',NULL,NULL,NULL,NULL,NULL,NULL),(36,'nando35@hotmail.com','$2a$10$tMJcPAMl0TzbfTXiilO6TOcPuO1uPKJUX3WaO9yTSPyCaMINo81xa',NULL,NULL,NULL,0,NULL,NULL,NULL,NULL,'2016-04-03 13:00:20','2016-04-03 13:00:20','Fernando35','Martinez35','nando_02.jpg','image/jpeg',102296,'2016-04-03 13:00:20','Caracas','Venezuela','Gerente de mercadeo','Diageo',NULL,NULL,NULL,NULL,NULL,NULL,'male',NULL,NULL,NULL,NULL,NULL,NULL),(37,'nando36@hotmail.com','$2a$10$g4NU4Cm5owukBVmqkPi6auO4PGJfIyIbAADtGowR7vugzeoVFbHkm',NULL,NULL,NULL,0,NULL,NULL,NULL,NULL,'2016-04-03 13:00:20','2016-04-03 13:00:20','Fernando36','Martinez36','nando_02.jpg','image/jpeg',102296,'2016-04-03 13:00:20','Caracas','Venezuela','Gerente de mercadeo','Diageo',NULL,NULL,NULL,NULL,NULL,NULL,'male',NULL,NULL,NULL,NULL,NULL,NULL),(38,'nando37@hotmail.com','$2a$10$NFERu1gzEOmqMVy6M03kAeempmTr5zZz6JU6F9jCbF0v121THRo4e',NULL,NULL,NULL,0,NULL,NULL,NULL,NULL,'2016-04-03 13:00:21','2016-04-03 13:00:21','Fernando37','Martinez37','nando_02.jpg','image/jpeg',102296,'2016-04-03 13:00:20','Caracas','Venezuela','Gerente de mercadeo','Diageo',NULL,NULL,NULL,NULL,NULL,NULL,'male',NULL,NULL,NULL,NULL,NULL,NULL),(39,'nando38@hotmail.com','$2a$10$zIhwNcZm8nJUB9I5kTvtueQkg3nUbSqxmrMJuJyBQYsVx1O36.ULy',NULL,NULL,NULL,0,NULL,NULL,NULL,NULL,'2016-04-03 13:00:21','2016-04-03 13:00:21','Fernando38','Martinez38','nando_02.jpg','image/jpeg',102296,'2016-04-03 13:00:21','Caracas','Venezuela','Gerente de mercadeo','Diageo',NULL,NULL,NULL,NULL,NULL,NULL,'male',NULL,NULL,NULL,NULL,NULL,NULL),(40,'nando39@hotmail.com','$2a$10$wPPYOJnJ9DOKe1ybKlKgj.6.7PQMBsVgQJyU1IHqJ4yyqsRcjNx0C',NULL,NULL,NULL,0,NULL,NULL,NULL,NULL,'2016-04-03 13:00:21','2016-04-03 13:00:21','Fernando39','Martinez39','nando_02.jpg','image/jpeg',102296,'2016-04-03 13:00:21','Caracas','Venezuela','Gerente de mercadeo','Diageo',NULL,NULL,NULL,NULL,NULL,NULL,'male',NULL,NULL,NULL,NULL,NULL,NULL),(41,'nando40@hotmail.com','$2a$10$IJYKfNWqW6smlYTZYgp0T.Ve.rKXTHig3Gb/NKOSGMHsEzeMKlHZG',NULL,NULL,NULL,0,NULL,NULL,NULL,NULL,'2016-04-03 13:00:21','2016-04-03 13:00:21','Fernando40','Martinez40','nando_02.jpg','image/jpeg',102296,'2016-04-03 13:00:21','Caracas','Venezuela','Gerente de mercadeo','Diageo',NULL,NULL,NULL,NULL,NULL,NULL,'male',NULL,NULL,NULL,NULL,NULL,NULL),(42,'nando41@hotmail.com','$2a$10$4BcGcsn8X8VnJmMOC6ou6eUTXMP9ADd5L/mwNJcB6R9yIms5Lz/2W',NULL,NULL,NULL,0,NULL,NULL,NULL,NULL,'2016-04-03 13:00:22','2016-04-03 13:00:22','Fernando41','Martinez41','nando_02.jpg','image/jpeg',102296,'2016-04-03 13:00:21','Caracas','Venezuela','Gerente de mercadeo','Diageo',NULL,NULL,NULL,NULL,NULL,NULL,'male',NULL,NULL,NULL,NULL,NULL,NULL),(43,'nando42@hotmail.com','$2a$10$5ExCJMBEHT6nHA4bY/l6f.hOsuu60OPM5dZjy3Ryj/YuFbAeozsqe',NULL,NULL,NULL,0,NULL,NULL,NULL,NULL,'2016-04-03 13:00:22','2016-04-03 13:00:22','Fernando42','Martinez42','nando_02.jpg','image/jpeg',102296,'2016-04-03 13:00:22','Caracas','Venezuela','Gerente de mercadeo','Diageo',NULL,NULL,NULL,NULL,NULL,NULL,'male',NULL,NULL,NULL,NULL,NULL,NULL),(44,'nando43@hotmail.com','$2a$10$hKSS7dbt6BcYw1fk5JAku.zFGJvRph2bseV99yatUAtPyN2BobpqO',NULL,NULL,NULL,0,NULL,NULL,NULL,NULL,'2016-04-03 13:00:22','2016-04-03 13:00:22','Fernando43','Martinez43','nando_02.jpg','image/jpeg',102296,'2016-04-03 13:00:22','Caracas','Venezuela','Gerente de mercadeo','Diageo',NULL,NULL,NULL,NULL,NULL,NULL,'male',NULL,NULL,NULL,NULL,NULL,NULL),(45,'nando44@hotmail.com','$2a$10$qAcOGlPeOXaXjoCyUfFP9u/AzkfTkiluyFcUf7uHlYi2v7dPuTssC',NULL,NULL,NULL,0,NULL,NULL,NULL,NULL,'2016-04-03 13:00:22','2016-04-03 13:00:22','Fernando44','Martinez44','nando_02.jpg','image/jpeg',102296,'2016-04-03 13:00:22','Caracas','Venezuela','Gerente de mercadeo','Diageo',NULL,NULL,NULL,NULL,NULL,NULL,'male',NULL,NULL,NULL,NULL,NULL,NULL),(46,'nando45@hotmail.com','$2a$10$VVAWG2FZ.DCdWeRJQONL5.U/YH1diyDqgj.ygJ/QHBh7fIXLBhqky',NULL,NULL,NULL,0,NULL,NULL,NULL,NULL,'2016-04-03 13:00:23','2016-04-03 13:00:23','Fernando45','Martinez45','nando_02.jpg','image/jpeg',102296,'2016-04-03 13:00:22','Caracas','Venezuela','Gerente de mercadeo','Diageo',NULL,NULL,NULL,NULL,NULL,NULL,'male',NULL,NULL,NULL,NULL,NULL,NULL),(47,'nando46@hotmail.com','$2a$10$zO6C8HnUqCuCi6axvt6ZpOU8210fwfWjnL1ap6Dc7ykvLTvbMqyPK',NULL,NULL,NULL,0,NULL,NULL,NULL,NULL,'2016-04-03 13:00:23','2016-04-03 13:00:23','Fernando46','Martinez46','nando_02.jpg','image/jpeg',102296,'2016-04-03 13:00:23','Caracas','Venezuela','Gerente de mercadeo','Diageo',NULL,NULL,NULL,NULL,NULL,NULL,'male',NULL,NULL,NULL,NULL,NULL,NULL),(48,'nando47@hotmail.com','$2a$10$QPOsvOXqeyRvA9ClQyDEcukn.pO0dRCB0rFpwqr6ajE5bNMMCb8bW',NULL,NULL,NULL,0,NULL,NULL,NULL,NULL,'2016-04-03 13:00:23','2016-04-03 13:00:23','Fernando47','Martinez47','nando_02.jpg','image/jpeg',102296,'2016-04-03 13:00:23','Caracas','Venezuela','Gerente de mercadeo','Diageo',NULL,NULL,NULL,NULL,NULL,NULL,'male',NULL,NULL,NULL,NULL,NULL,NULL),(49,'nando48@hotmail.com','$2a$10$B.GrhU6g0wFvDqFEP5Vv4OcuPDKjr6NZxuJ3rZBPV7geqHzVtFa3m',NULL,NULL,NULL,0,NULL,NULL,NULL,NULL,'2016-04-03 13:00:23','2016-04-03 13:00:23','Fernando48','Martinez48','nando_02.jpg','image/jpeg',102296,'2016-04-03 13:00:23','Caracas','Venezuela','Gerente de mercadeo','Diageo',NULL,NULL,NULL,NULL,NULL,NULL,'male',NULL,NULL,NULL,NULL,NULL,NULL),(50,'nando49@hotmail.com','$2a$10$fIVUUwXL5FiV7R4kwlVgieWCN52Ylrtcv9muierz4c4QDAuyiY142',NULL,NULL,NULL,0,NULL,NULL,NULL,NULL,'2016-04-03 13:00:24','2016-04-03 13:00:24','Fernando49','Martinez49','nando_02.jpg','image/jpeg',102296,'2016-04-03 13:00:23','Caracas','Venezuela','Gerente de mercadeo','Diageo',NULL,NULL,NULL,NULL,NULL,NULL,'male',NULL,NULL,NULL,NULL,NULL,NULL),(51,'nando50@hotmail.com','$2a$10$30uWRVBgOp49NIkzP1xBXuq3UFwEq7bOh.BUQ.vyEwz5bE2xZ7kve',NULL,NULL,NULL,0,NULL,NULL,NULL,NULL,'2016-04-03 13:00:24','2016-04-03 13:00:24','Fernando50','Martinez50','nando_02.jpg','image/jpeg',102296,'2016-04-03 13:00:24','Caracas','Venezuela','Gerente de mercadeo','Diageo',NULL,NULL,NULL,NULL,NULL,NULL,'male',NULL,NULL,NULL,NULL,NULL,NULL),(52,'nando51@hotmail.com','$2a$10$GksdBf6YvQRr4XFcg8R.7e9gjjq.JEW5VGaiGj.FhDtQEWnhdF9p.',NULL,NULL,NULL,0,NULL,NULL,NULL,NULL,'2016-04-03 13:00:24','2016-04-03 13:00:24','Fernando51','Martinez51','nando_02.jpg','image/jpeg',102296,'2016-04-03 13:00:24','Caracas','Venezuela','Gerente de mercadeo','Diageo',NULL,NULL,NULL,NULL,NULL,NULL,'male',NULL,NULL,NULL,NULL,NULL,NULL),(53,'nando52@hotmail.com','$2a$10$0vW6CXSCgVGM22CdT8qaf.qQ9xx.OozOZaZokTP2q7iG/aAZyknzu',NULL,NULL,NULL,0,NULL,NULL,NULL,NULL,'2016-04-03 13:00:24','2016-04-03 13:00:24','Fernando52','Martinez52','nando_02.jpg','image/jpeg',102296,'2016-04-03 13:00:24','Caracas','Venezuela','Gerente de mercadeo','Diageo',NULL,NULL,NULL,NULL,NULL,NULL,'male',NULL,NULL,NULL,NULL,NULL,NULL),(54,'nando53@hotmail.com','$2a$10$UUPvLtVEW.vQjTJlDrr52euOaw7Vk77C870YY41vkWViJlxAtTBl6',NULL,NULL,NULL,0,NULL,NULL,NULL,NULL,'2016-04-03 13:00:25','2016-04-03 13:00:25','Fernando53','Martinez53','nando_02.jpg','image/jpeg',102296,'2016-04-03 13:00:25','Caracas','Venezuela','Gerente de mercadeo','Diageo',NULL,NULL,NULL,NULL,NULL,NULL,'male',NULL,NULL,NULL,NULL,NULL,NULL),(55,'nando54@hotmail.com','$2a$10$mxYwYLK49IuN5kb9MwFrF..1gPluSYLiu35W.pE052Gjt8feio7ny',NULL,NULL,NULL,0,NULL,NULL,NULL,NULL,'2016-04-03 13:00:25','2016-04-03 13:00:25','Fernando54','Martinez54','nando_02.jpg','image/jpeg',102296,'2016-04-03 13:00:25','Caracas','Venezuela','Gerente de mercadeo','Diageo',NULL,NULL,NULL,NULL,NULL,NULL,'male',NULL,NULL,NULL,NULL,NULL,NULL),(56,'nando55@hotmail.com','$2a$10$US7rFcndBz824NlxRsOPL.me65W8CY7LM1X5guglyPB9Ax4CjnQoO',NULL,NULL,NULL,0,NULL,NULL,NULL,NULL,'2016-04-03 13:00:25','2016-04-03 13:00:25','Fernando55','Martinez55','nando_02.jpg','image/jpeg',102296,'2016-04-03 13:00:25','Caracas','Venezuela','Gerente de mercadeo','Diageo',NULL,NULL,NULL,NULL,NULL,NULL,'male',NULL,NULL,NULL,NULL,NULL,NULL),(57,'nando56@hotmail.com','$2a$10$EtrVY76Lb2EQMUAcuzTo8.uByila4x0yqf6pMHGKSAYt2Y.L3sO7K',NULL,NULL,NULL,0,NULL,NULL,NULL,NULL,'2016-04-03 13:00:26','2016-04-03 13:00:26','Fernando56','Martinez56','nando_02.jpg','image/jpeg',102296,'2016-04-03 13:00:26','Caracas','Venezuela','Gerente de mercadeo','Diageo',NULL,NULL,NULL,NULL,NULL,NULL,'male',NULL,NULL,NULL,NULL,NULL,NULL),(58,'nando57@hotmail.com','$2a$10$mJefpIMEBc1pwdBkfA.N2.3oJcrnzEol10pGHUu2NWXZCuPc5y352',NULL,NULL,NULL,0,NULL,NULL,NULL,NULL,'2016-04-03 13:00:26','2016-04-03 13:00:26','Fernando57','Martinez57','nando_02.jpg','image/jpeg',102296,'2016-04-03 13:00:26','Caracas','Venezuela','Gerente de mercadeo','Diageo',NULL,NULL,NULL,NULL,NULL,NULL,'male',NULL,NULL,NULL,NULL,NULL,NULL),(59,'nando58@hotmail.com','$2a$10$0rxBDg7e2EpLyxX.66YbtOXUyN7.r8wQIJ0EuBqSQp5.z55EEII8W',NULL,NULL,NULL,0,NULL,NULL,NULL,NULL,'2016-04-03 13:00:26','2016-04-03 13:00:26','Fernando58','Martinez58','nando_02.jpg','image/jpeg',102296,'2016-04-03 13:00:26','Caracas','Venezuela','Gerente de mercadeo','Diageo',NULL,NULL,NULL,NULL,NULL,NULL,'male',NULL,NULL,NULL,NULL,NULL,NULL),(60,'nando59@hotmail.com','$2a$10$FXEgN6IJwpDTgyev.QGwIOg9dxAwwrCCMNzATc4ZIptrr3/2QiBWW',NULL,NULL,NULL,0,NULL,NULL,NULL,NULL,'2016-04-03 13:00:27','2016-04-03 13:00:27','Fernando59','Martinez59','nando_02.jpg','image/jpeg',102296,'2016-04-03 13:00:26','Caracas','Venezuela','Gerente de mercadeo','Diageo',NULL,NULL,NULL,NULL,NULL,NULL,'male',NULL,NULL,NULL,NULL,NULL,NULL),(61,'nando60@hotmail.com','$2a$10$xhtcEKzf26Iow297SXT0rus5NP2jDPUsr/qQ3PHww38saP7YQjejG',NULL,NULL,NULL,0,NULL,NULL,NULL,NULL,'2016-04-03 13:00:27','2016-04-03 13:00:27','Fernando60','Martinez60','nando_02.jpg','image/jpeg',102296,'2016-04-03 13:00:27','Caracas','Venezuela','Gerente de mercadeo','Diageo',NULL,NULL,NULL,NULL,NULL,NULL,'male',NULL,NULL,NULL,NULL,NULL,NULL),(62,'nando61@hotmail.com','$2a$10$14rkUobjScO.W01B1eiy8u5pBgX/NQjJnoak1m5.KcEeojEiTs4eq',NULL,NULL,NULL,0,NULL,NULL,NULL,NULL,'2016-04-03 13:00:27','2016-04-03 13:00:27','Fernando61','Martinez61','nando_02.jpg','image/jpeg',102296,'2016-04-03 13:00:27','Caracas','Venezuela','Gerente de mercadeo','Diageo',NULL,NULL,NULL,NULL,NULL,NULL,'male',NULL,NULL,NULL,NULL,NULL,NULL),(63,'nando62@hotmail.com','$2a$10$DVFQ9s8.OCsaAptD95sHy.sN3aEoEV2AkO1pIh6rtZGjh4oW.HmhW',NULL,NULL,NULL,0,NULL,NULL,NULL,NULL,'2016-04-03 13:00:27','2016-04-03 13:00:27','Fernando62','Martinez62','nando_02.jpg','image/jpeg',102296,'2016-04-03 13:00:27','Caracas','Venezuela','Gerente de mercadeo','Diageo',NULL,NULL,NULL,NULL,NULL,NULL,'male',NULL,NULL,NULL,NULL,NULL,NULL),(64,'nando63@hotmail.com','$2a$10$yBPhoOjcaX94rw1yWbYeg.Y3eyH2FBFViwVm5RemYOmVyquKThq8S',NULL,NULL,NULL,0,NULL,NULL,NULL,NULL,'2016-04-03 13:00:28','2016-04-03 13:00:28','Fernando63','Martinez63','nando_02.jpg','image/jpeg',102296,'2016-04-03 13:00:28','Caracas','Venezuela','Gerente de mercadeo','Diageo',NULL,NULL,NULL,NULL,NULL,NULL,'male',NULL,NULL,NULL,NULL,NULL,NULL),(65,'nando64@hotmail.com','$2a$10$cfR4DdE3Q03eq6zwG.awPe4XMfCuYv.3EjKC3hKv284.fZ/XnCc0q',NULL,NULL,NULL,0,NULL,NULL,NULL,NULL,'2016-04-03 13:00:28','2016-04-03 13:00:28','Fernando64','Martinez64','nando_02.jpg','image/jpeg',102296,'2016-04-03 13:00:28','Caracas','Venezuela','Gerente de mercadeo','Diageo',NULL,NULL,NULL,NULL,NULL,NULL,'male',NULL,NULL,NULL,NULL,NULL,NULL),(67,'nando66@hotmail.com','$2a$10$AG6k3eTEpf69S66msdWUv.NX9YFyJNJRkLeqwMWspYhtnt320OpZK',NULL,NULL,NULL,0,NULL,NULL,NULL,NULL,'2016-04-03 13:00:29','2016-04-03 13:00:29','Fernando66','Martinez66','nando_02.jpg','image/jpeg',102296,'2016-04-03 13:00:28','Caracas','Venezuela','Gerente de mercadeo','Diageo',NULL,NULL,NULL,NULL,NULL,NULL,'male',NULL,NULL,NULL,NULL,NULL,NULL),(68,'nando67@hotmail.com','$2a$10$cheNQwasB54faeZAVI/T.uAAPem3EaqDsMuYzFMQDV1RlE12D8uLe',NULL,NULL,NULL,0,NULL,NULL,NULL,NULL,'2016-04-03 13:00:29','2016-04-03 13:00:29','Fernando67','Martinez67','nando_02.jpg','image/jpeg',102296,'2016-04-03 13:00:29','Caracas','Venezuela','Gerente de mercadeo','Diageo',NULL,NULL,NULL,NULL,NULL,NULL,'male',NULL,NULL,NULL,NULL,NULL,NULL),(69,'nando68@hotmail.com','$2a$10$/sodh3MKN2KoKAmjxtCVtuXhzqXXKMN9w7HxHyO29xZqVoFbAz3VW',NULL,NULL,NULL,0,NULL,NULL,NULL,NULL,'2016-04-03 13:00:29','2016-04-03 13:00:29','Fernando68','Martinez68','nando_02.jpg','image/jpeg',102296,'2016-04-03 13:00:29','Caracas','Venezuela','Gerente de mercadeo','Diageo',NULL,NULL,NULL,NULL,NULL,NULL,'male',NULL,NULL,NULL,NULL,NULL,NULL),(70,'nando69@hotmail.com','$2a$10$IjAkalVrNm63ChSTuasPQepEy/25ncxRLOWw/iYwnH5j58LqAMck2',NULL,NULL,NULL,0,NULL,NULL,NULL,NULL,'2016-04-03 13:00:30','2016-04-03 13:00:30','Fernando69','Martinez69','nando_02.jpg','image/jpeg',102296,'2016-04-03 13:00:29','Caracas','Venezuela','Gerente de mercadeo','Diageo',NULL,NULL,NULL,NULL,NULL,NULL,'male',NULL,NULL,NULL,NULL,NULL,NULL),(71,'nando70@hotmail.com','$2a$10$ye5yannT.EX7F1h6jwK8IObIn8UbJsAmnWJ4m..lZU2coicNaAFry',NULL,NULL,NULL,0,NULL,NULL,NULL,NULL,'2016-04-03 13:00:30','2016-04-03 13:00:30','Fernando70','Martinez70','nando_02.jpg','image/jpeg',102296,'2016-04-03 13:00:30','Caracas','Venezuela','Gerente de mercadeo','Diageo',NULL,NULL,NULL,NULL,NULL,NULL,'male',NULL,NULL,NULL,NULL,NULL,NULL),(72,'nando71@hotmail.com','$2a$10$2ueL7s3id3VbvjF1VRP6ZelJFqN0rH.KAc62PrQ6RBcSYYCFyyBUm',NULL,NULL,NULL,0,NULL,NULL,NULL,NULL,'2016-04-03 13:00:30','2016-04-03 13:00:30','Fernando71','Martinez71','nando_02.jpg','image/jpeg',102296,'2016-04-03 13:00:30','Caracas','Venezuela','Gerente de mercadeo','Diageo',NULL,NULL,NULL,NULL,NULL,NULL,'male',NULL,NULL,NULL,NULL,NULL,NULL),(73,'nando72@hotmail.com','$2a$10$UTatmNVSBggQaK/62e/z1esbjaWLvVK54ae4aE6guNfm6IXtS4biK',NULL,NULL,NULL,0,NULL,NULL,NULL,NULL,'2016-04-03 13:00:30','2016-04-03 13:00:30','Fernando72','Martinez72','nando_02.jpg','image/jpeg',102296,'2016-04-03 13:00:30','Caracas','Venezuela','Gerente de mercadeo','Diageo',NULL,NULL,NULL,NULL,NULL,NULL,'male',NULL,NULL,NULL,NULL,NULL,NULL),(74,'nando73@hotmail.com','$2a$10$sd3VaujlIITK4EImEzcbo.6aq0gcQCepBbvwsyW2ZCrz05TQk02Km',NULL,NULL,NULL,0,NULL,NULL,NULL,NULL,'2016-04-03 13:00:31','2016-04-03 13:00:31','Fernando73','Martinez73','nando_02.jpg','image/jpeg',102296,'2016-04-03 13:00:31','Caracas','Venezuela','Gerente de mercadeo','Diageo',NULL,NULL,NULL,NULL,NULL,NULL,'male',NULL,NULL,NULL,NULL,NULL,NULL),(75,'nando74@hotmail.com','$2a$10$tVJO.alS/4trWmCL0V8/neV5bkwan1d7MF.zaAHzAlB.ozYnhfK4i',NULL,NULL,NULL,0,NULL,NULL,NULL,NULL,'2016-04-03 13:00:31','2016-04-03 13:00:31','Fernando74','Martinez74','nando_02.jpg','image/jpeg',102296,'2016-04-03 13:00:31','Caracas','Venezuela','Gerente de mercadeo','Diageo',NULL,NULL,NULL,NULL,NULL,NULL,'male',NULL,NULL,NULL,NULL,NULL,NULL),(76,'nando75@hotmail.com','$2a$10$wnIbe8QV3e3zNoTSf09vi.WRmNKW3x358C2dCHEpQT4oJXe2gGXKO',NULL,NULL,NULL,0,NULL,NULL,NULL,NULL,'2016-04-03 13:00:31','2016-04-03 13:00:31','Fernando75','Martinez75','nando_02.jpg','image/jpeg',102296,'2016-04-03 13:00:31','Caracas','Venezuela','Gerente de mercadeo','Diageo',NULL,NULL,NULL,NULL,NULL,NULL,'male',NULL,NULL,NULL,NULL,NULL,NULL),(77,'nando76@hotmail.com','$2a$10$utX9gSLaizHJgtwD4BxW0OsqBWTk5/0QE5Lghma3ks2vfFVfOBgGS',NULL,NULL,NULL,0,NULL,NULL,NULL,NULL,'2016-04-03 13:00:32','2016-04-03 13:00:32','Fernando76','Martinez76','nando_02.jpg','image/jpeg',102296,'2016-04-03 13:00:31','Caracas','Venezuela','Gerente de mercadeo','Diageo',NULL,NULL,NULL,NULL,NULL,NULL,'male',NULL,NULL,NULL,NULL,NULL,NULL),(78,'nando77@hotmail.com','$2a$10$vwz88YNKq6XFAbLaHMFZceZtfw9yT31wJ0pbjTvIkptIQSkJ9YGxu',NULL,NULL,NULL,0,NULL,NULL,NULL,NULL,'2016-04-03 13:00:32','2016-04-03 13:00:32','Fernando77','Martinez77','nando_02.jpg','image/jpeg',102296,'2016-04-03 13:00:32','Caracas','Venezuela','Gerente de mercadeo','Diageo',NULL,NULL,NULL,NULL,NULL,NULL,'male',NULL,NULL,NULL,NULL,NULL,NULL),(79,'nando78@hotmail.com','$2a$10$GT4YgJtI1NvZbbufZK5np.iubuhdkJcZqT/WXY800g.tpicsUddN.',NULL,NULL,NULL,0,NULL,NULL,NULL,NULL,'2016-04-03 13:00:32','2016-04-03 13:00:32','Fernando78','Martinez78','nando_02.jpg','image/jpeg',102296,'2016-04-03 13:00:32','Caracas','Venezuela','Gerente de mercadeo','Diageo',NULL,NULL,NULL,NULL,NULL,NULL,'male',NULL,NULL,NULL,NULL,NULL,NULL),(80,'nando79@hotmail.com','$2a$10$3OklVgeH36D5uOjnOrOl4uCPCu1HssiMlhkl9eQ6VMt5XLoJBmUQO',NULL,NULL,NULL,0,NULL,NULL,NULL,NULL,'2016-04-03 13:00:32','2016-04-03 13:00:32','Fernando79','Martinez79','nando_02.jpg','image/jpeg',102296,'2016-04-03 13:00:32','Caracas','Venezuela','Gerente de mercadeo','Diageo',NULL,NULL,NULL,NULL,NULL,NULL,'male',NULL,NULL,NULL,NULL,NULL,NULL),(81,'nando80@hotmail.com','$2a$10$7tOYKKlw9TpSt.CpB7Uz7uWfesSF/g6N3O1L29xPFYmZYwtyL2NJS',NULL,NULL,NULL,0,NULL,NULL,NULL,NULL,'2016-04-03 13:00:33','2016-04-03 13:00:33','Fernando80','Martinez80','nando_02.jpg','image/jpeg',102296,'2016-04-03 13:00:32','Caracas','Venezuela','Gerente de mercadeo','Diageo',NULL,NULL,NULL,NULL,NULL,NULL,'male',NULL,NULL,NULL,NULL,NULL,NULL),(82,'nando81@hotmail.com','$2a$10$8CEZCWNU8zVpgsglBLTZjunvPW.1syCxlnQMPAcqyu6sCyAl/KRLm',NULL,NULL,NULL,0,NULL,NULL,NULL,NULL,'2016-04-03 13:00:33','2016-04-03 13:00:33','Fernando81','Martinez81','nando_02.jpg','image/jpeg',102296,'2016-04-03 13:00:33','Caracas','Venezuela','Gerente de mercadeo','Diageo',NULL,NULL,NULL,NULL,NULL,NULL,'male',NULL,NULL,NULL,NULL,NULL,NULL),(83,'nando82@hotmail.com','$2a$10$9ptryJGTN7tfGeTK0uMyVOGfgWo6CNMAEYLRF.FuGqP2jNMt6DWMG',NULL,NULL,NULL,0,NULL,NULL,NULL,NULL,'2016-04-03 13:00:33','2016-04-03 13:00:33','Fernando82','Martinez82','nando_02.jpg','image/jpeg',102296,'2016-04-03 13:00:33','Caracas','Venezuela','Gerente de mercadeo','Diageo',NULL,NULL,NULL,NULL,NULL,NULL,'male',NULL,NULL,NULL,NULL,NULL,NULL),(84,'nando83@hotmail.com','$2a$10$/wwx1MujDFjeD.wuqQIqz.m4S/6Rk7bfVIabNKKowswnBO4aM.iyi',NULL,NULL,NULL,0,NULL,NULL,NULL,NULL,'2016-04-03 13:00:33','2016-04-03 13:00:33','Fernando83','Martinez83','nando_02.jpg','image/jpeg',102296,'2016-04-03 13:00:33','Caracas','Venezuela','Gerente de mercadeo','Diageo',NULL,NULL,NULL,NULL,NULL,NULL,'male',NULL,NULL,NULL,NULL,NULL,NULL),(85,'nando84@hotmail.com','$2a$10$pnzj4.nLp4sxA2k5.H2sz.2f9F7IZyTmj7fYZkmvJ8g7TIzlV26L6',NULL,NULL,NULL,0,NULL,NULL,NULL,NULL,'2016-04-03 13:00:34','2016-04-03 13:00:34','Fernando84','Martinez84','nando_02.jpg','image/jpeg',102296,'2016-04-03 13:00:34','Caracas','Venezuela','Gerente de mercadeo','Diageo',NULL,NULL,NULL,NULL,NULL,NULL,'male',NULL,NULL,NULL,NULL,NULL,NULL),(86,'nando85@hotmail.com','$2a$10$EwBT.ExHRHuZUBGsfIhrZOdYTY0nj1BrGt2ADEuITeGaKhhu7cSK2',NULL,NULL,NULL,0,NULL,NULL,NULL,NULL,'2016-04-03 13:00:34','2016-04-03 13:00:34','Fernando85','Martinez85','nando_02.jpg','image/jpeg',102296,'2016-04-03 13:00:34','Caracas','Venezuela','Gerente de mercadeo','Diageo',NULL,NULL,NULL,NULL,NULL,NULL,'male',NULL,NULL,NULL,NULL,NULL,NULL),(87,'nando86@hotmail.com','$2a$10$USg1VL.tq2Hrrk7xpk/SDuoQUb4aIUujmqTkBc7kmdpKwrbb86tQO',NULL,NULL,NULL,0,NULL,NULL,NULL,NULL,'2016-04-03 13:00:34','2016-04-03 13:00:34','Fernando86','Martinez86','nando_02.jpg','image/jpeg',102296,'2016-04-03 13:00:34','Caracas','Venezuela','Gerente de mercadeo','Diageo',NULL,NULL,NULL,NULL,NULL,NULL,'male',NULL,NULL,NULL,NULL,NULL,NULL),(88,'nando87@hotmail.com','$2a$10$Ijgywnlu4VsGAFtdWNy0sepFrUsGHbfML2odR.FFmrRmsZyiteXhK',NULL,NULL,NULL,0,NULL,NULL,NULL,NULL,'2016-04-03 13:00:35','2016-04-03 13:00:35','Fernando87','Martinez87','nando_02.jpg','image/jpeg',102296,'2016-04-03 13:00:34','Caracas','Venezuela','Gerente de mercadeo','Diageo',NULL,NULL,NULL,NULL,NULL,NULL,'male',NULL,NULL,NULL,NULL,NULL,NULL),(89,'nando88@hotmail.com','$2a$10$ejA2K9oY06Hh2E5bkq01veDcvueSCYHYvacYqsImDYGGBjYTeOHbW',NULL,NULL,NULL,0,NULL,NULL,NULL,NULL,'2016-04-03 13:00:35','2016-04-03 13:00:35','Fernando88','Martinez88','nando_02.jpg','image/jpeg',102296,'2016-04-03 13:00:35','Caracas','Venezuela','Gerente de mercadeo','Diageo',NULL,NULL,NULL,NULL,NULL,NULL,'male',NULL,NULL,NULL,NULL,NULL,NULL),(90,'nando89@hotmail.com','$2a$10$Akt6Lb4TypnoiJXnwHF/ZOnj3745yqWQ81ScBpKv7Tkf.EOFfoFrK',NULL,NULL,NULL,0,NULL,NULL,NULL,NULL,'2016-04-03 13:00:35','2016-04-03 13:00:35','Fernando89','Martinez89','nando_02.jpg','image/jpeg',102296,'2016-04-03 13:00:35','Caracas','Venezuela','Gerente de mercadeo','Diageo',NULL,NULL,NULL,NULL,NULL,NULL,'male',NULL,NULL,NULL,NULL,NULL,NULL),(91,'nando90@hotmail.com','$2a$10$PwCrcN8ETEEQ/vkFx8WfGe8PelZWpoYO6zLKHdiRplwkuxxCaniFu',NULL,NULL,NULL,0,NULL,NULL,NULL,NULL,'2016-04-03 13:00:36','2016-04-03 13:00:36','Fernando90','Martinez90','nando_02.jpg','image/jpeg',102296,'2016-04-03 13:00:35','Caracas','Venezuela','Gerente de mercadeo','Diageo',NULL,NULL,NULL,NULL,NULL,NULL,'male',NULL,NULL,NULL,NULL,NULL,NULL),(92,'nando91@hotmail.com','$2a$10$s1YcqDEK8ZbTUyg4hQ/TbuRZdasIlRKwIdxWWKS7ni9YJKc0VOxjO',NULL,NULL,NULL,0,NULL,NULL,NULL,NULL,'2016-04-03 13:00:36','2016-04-03 13:00:36','Fernando91','Martinez91','nando_02.jpg','image/jpeg',102296,'2016-04-03 13:00:36','Caracas','Venezuela','Gerente de mercadeo','Diageo',NULL,NULL,NULL,NULL,NULL,NULL,'male',NULL,NULL,NULL,NULL,NULL,NULL),(93,'nando92@hotmail.com','$2a$10$kTwsxkf77903RyCZgqCpVeymPoUFJmBCrUWxRVmFfHJHVZ3UvMjF.',NULL,NULL,NULL,0,NULL,NULL,NULL,NULL,'2016-04-03 13:00:36','2016-04-03 13:00:36','Fernando92','Martinez92','nando_02.jpg','image/jpeg',102296,'2016-04-03 13:00:36','Caracas','Venezuela','Gerente de mercadeo','Diageo',NULL,NULL,NULL,NULL,NULL,NULL,'male',NULL,NULL,NULL,NULL,NULL,NULL),(94,'nando93@hotmail.com','$2a$10$kSQx8NWx0IGIzmeP3tt4peQo/uqdoToNtUyujYbVBJWi0Ix9tq82m',NULL,NULL,NULL,0,NULL,NULL,NULL,NULL,'2016-04-03 13:00:36','2016-04-03 13:00:36','Fernando93','Martinez93','nando_02.jpg','image/jpeg',102296,'2016-04-03 13:00:36','Caracas','Venezuela','Gerente de mercadeo','Diageo',NULL,NULL,NULL,NULL,NULL,NULL,'male',NULL,NULL,NULL,NULL,NULL,NULL),(95,'nando94@hotmail.com','$2a$10$AHjeO5E3Lvs.F/bLfc0CGObHM9z.dLwBTV8lfIjVIYlN7FKcywBLe',NULL,NULL,NULL,0,NULL,NULL,NULL,NULL,'2016-04-03 13:00:37','2016-04-03 13:00:37','Fernando94','Martinez94','nando_02.jpg','image/jpeg',102296,'2016-04-03 13:00:37','Caracas','Venezuela','Gerente de mercadeo','Diageo',NULL,NULL,NULL,NULL,NULL,NULL,'male',NULL,NULL,NULL,NULL,NULL,NULL),(96,'nando95@hotmail.com','$2a$10$BCrbTsU3OqM.kQ0cWXYYb.a73X6QWrH4lSkdK4n15/ROrcuv..PeW',NULL,NULL,NULL,0,NULL,NULL,NULL,NULL,'2016-04-03 13:00:37','2016-04-03 13:00:37','Fernando95','Martinez95','nando_02.jpg','image/jpeg',102296,'2016-04-03 13:00:37','Caracas','Venezuela','Gerente de mercadeo','Diageo',NULL,NULL,NULL,NULL,NULL,NULL,'male',NULL,NULL,NULL,NULL,NULL,NULL),(97,'nando96@hotmail.com','$2a$10$h.v3pue4S9oIU7EBqFaqLOJTL5Mjc.peAEWPBnuIxaZ/EEozA7RaC',NULL,NULL,NULL,0,NULL,NULL,NULL,NULL,'2016-04-03 13:00:37','2016-04-03 13:00:37','Fernando96','Martinez96','nando_02.jpg','image/jpeg',102296,'2016-04-03 13:00:37','Caracas','Venezuela','Gerente de mercadeo','Diageo',NULL,NULL,NULL,NULL,NULL,NULL,'male',NULL,NULL,NULL,NULL,NULL,NULL),(98,'nando97@hotmail.com','$2a$10$Bty/Q27m1th1r4X52DvOP.QiskcKlmpNw1qH1QnkboXPQDp95iuoG',NULL,NULL,NULL,0,NULL,NULL,NULL,NULL,'2016-04-03 13:00:37','2016-04-03 13:00:37','Fernando97','Martinez97','nando_02.jpg','image/jpeg',102296,'2016-04-03 13:00:37','Caracas','Venezuela','Gerente de mercadeo','Diageo',NULL,NULL,NULL,NULL,NULL,NULL,'male',NULL,NULL,NULL,NULL,NULL,NULL),(99,'nando98@hotmail.com','$2a$10$cTPCM2Va/LfLS3qo5Qu4rOEFIhgogrNbalRLmOWtdecode('','hex')gkNICz99O2y',NULL,NULL,NULL,0,NULL,NULL,NULL,NULL,'2016-04-03 13:00:38','2016-04-03 13:00:38','Fernando98','Martinez98','nando_02.jpg','image/jpeg',102296,'2016-04-03 13:00:38','Caracas','Venezuela','Gerente de mercadeo','Diageo',NULL,NULL,NULL,NULL,NULL,NULL,'male',NULL,NULL,NULL,NULL,NULL,NULL),(100,'nando99@hotmail.com','$2a$10$ns97UIgyXUwb0k.b8VBrD.7jU05/cxI5/0t4qznrKHcrQ3JLcJ2ie',NULL,NULL,NULL,0,NULL,NULL,NULL,NULL,'2016-04-03 13:00:38','2016-04-03 13:00:38','Fernando99','Martinez99','nando_02.jpg','image/jpeg',102296,'2016-04-03 13:00:38','Caracas','Venezuela','Gerente de mercadeo','Diageo',NULL,NULL,NULL,NULL,NULL,NULL,'male',NULL,NULL,NULL,NULL,NULL,NULL),(101,'nando100@hotmail.com','$2a$10$aRoXBJYVpNsYp/0SO3YIw.HSBechJBX8WBhRquQKd4.3/ruf3XRVS',NULL,NULL,NULL,0,NULL,NULL,NULL,NULL,'2016-04-03 13:00:38','2016-04-03 13:00:38','Fernando100','Martinez100','nando_02.jpg','image/jpeg',102296,'2016-04-03 13:00:38','Caracas','Venezuela','Gerente de mercadeo','Diageo',NULL,NULL,NULL,NULL,NULL,NULL,'male',NULL,NULL,NULL,NULL,NULL,NULL),(102,'nando102@hotmail.com','$2a$10$RraXEjDmM5i9OMWx1reCSeffxb./Q40hB2AC0D/L27bKdJ2qrr9rO',NULL,NULL,NULL,0,NULL,NULL,NULL,NULL,'2016-04-03 19:37:50','2016-04-03 19:37:50','Fernando','Martinez102','nando_02.jpg','image/jpeg',102296,'2016-04-03 19:37:41',NULL,NULL,'Gerente de mercadeo','Diageo',NULL,NULL,NULL,NULL,NULL,NULL,'male',NULL,NULL,NULL,NULL,NULL,NULL),(103,'nando103@hotmail.com','$2a$10$YL5i4lQx9n1DYrMvUSpwC.tx.OuFrjqQ.fssm.g3D44zHyKONC6y2',NULL,NULL,NULL,0,NULL,NULL,NULL,NULL,'2016-04-03 19:40:37','2016-04-03 19:40:37','Fernando','Martinez103','nando_02.jpg','image/jpeg',102296,'2016-04-03 19:40:22',NULL,NULL,'Gerente de mercadeo','Diageo',NULL,NULL,NULL,NULL,NULL,NULL,'male',NULL,NULL,NULL,NULL,NULL,NULL),(106,'nando106@hotmail.com','$2a$10$7UImoiYBiTTX5e79OILpqe7YYxUbq1lZ6l3D58zl62YNF2ioLrbje',NULL,NULL,NULL,0,NULL,NULL,NULL,NULL,'2016-04-03 19:44:52','2016-04-03 19:44:52','Fernando','Martinez106','nando_02.jpg','image/jpeg',102296,'2016-04-03 19:44:33',NULL,NULL,'Gerente de mercadeo','Diageo',NULL,NULL,NULL,NULL,NULL,NULL,'male',NULL,NULL,NULL,NULL,NULL,NULL),(107,'prueba@hotmail.com','$2a$10$vgrD/9J1caQCd1hNaILGa.mLdDH1hq9tHtLzA9xFP4KPpGlkljcwq',NULL,NULL,NULL,1,'2016-04-16 15:48:58','2016-04-16 15:48:58','::1','::1','2016-04-16 15:18:05','2016-04-16 15:48:58',NULL,NULL,NULL,NULL,NULL,NULL,NULL,NULL,NULL,NULL,NULL,NULL,NULL,NULL,NULL,NULL,'male',NULL,NULL,NULL,NULL,NULL,NULL),(113,'alu@hotmail.com','$2a$10$hukC6kQDPi5arQRNjKNSSua1VodnN7/FwKuJI8/f1JbraW0fghrYG',NULL,NULL,NULL,1,'2016-04-17 02:35:15','2016-04-17 02:35:15','::1','::1','2016-04-17 02:35:15','2016-04-17 02:35:15',NULL,NULL,NULL,NULL,NULL,NULL,NULL,NULL,NULL,NULL,NULL,NULL,NULL,NULL,NULL,NULL,'male',NULL,NULL,NULL,NULL,NULL,NULL),(121,'lovelar@gmail.com','$2a$10$LLK8oLyj5evQxaxmpL4Ny.pTSvEcfOUtulcpCtV0bf9XTNjG5NHUK',NULL,NULL,NULL,1,'2016-04-17 04:44:23','2016-04-17 04:44:23','::1','::1','2016-04-17 04:44:23','2016-04-17 04:44:23','Laura','Ovelar','data','image/jpeg',7845,'2016-04-17 04:44:23',NULL,NULL,NULL,NULL,NULL,NULL,NULL,NULL,NULL,NULL,'female',NULL,NULL,NULL,NULL,'facebook','996184890434987'),(126,'nando65@hotmail.com','$2a$10$hmi5hWBB/dlJGftTp7hd7OYGsfhsKIcQ7UybDtcb/vmaoyXXyQnhm',NULL,NULL,NULL,6,'2016-04-18 17:00:13','2016-04-18 16:45:34','::1','::1','2016-04-18 01:56:51','2016-04-18 17:00:13','Fernando','Martinez','open-uri20160417-18911-as4h89','image/jpeg',11740,'2016-04-18 01:56:51',NULL,NULL,'Linio','bi coordinator',NULL,NULL,NULL,NULL,NULL,NULL,'male',NULL,NULL,NULL,NULL,'facebook','10154122033123658');
/*!40000 ALTER TABLE `users` ENABLE KEYS */;
UNLOCK TABLES;
/*!40103 SET TIME_ZONE=@OLD_TIME_ZONE */;

/*!40101 SET SQL_MODE=@OLD_SQL_MODE */;
/*!40014 SET FOREIGN_KEY_CHECKS=@OLD_FOREIGN_KEY_CHECKS */;
/*!40014 SET UNIQUE_CHECKS=@OLD_UNIQUE_CHECKS */;
/*!40101 SET CHARACTER_SET_CLIENT=@OLD_CHARACTER_SET_CLIENT */;
/*!40101 SET CHARACTER_SET_RESULTS=@OLD_CHARACTER_SET_RESULTS */;
/*!40101 SET COLLATION_CONNECTION=@OLD_COLLATION_CONNECTION */;
/*!40111 SET SQL_NOTES=@OLD_SQL_NOTES */;

-- Dump completed on 2016-04-18 15:35:39
